 ,2307
"
",1660
、,1572
，,1503
的,983
；,924
.,629
：,503
 ,462
和,439
开发,431
熟悉,425
有,373
经验,311
2,308
等,300
1,281
3,274
/,251
Python,249
。,247
工作,226
工程师,217
能力,216
4,207
及,193
软件,183
数据,182
优先,179
负责,177
5,173
技术,162
职能,151
类别,151
设计,151
使用,150
相关,145
",",144
以上,137
python,136
系统,134
要求,129
良好,125
对,122
框架,121
分析,120
年,120
或,117
项目,104
进行,104
）,101
学习,101
数据库,101
6,101
团队,98
强,96
者,92
熟练,89
与,88
（,87
了解,86
并,85
关键字,84
),83
精通,82
编程,81
爬虫,81
具有,80
优化,78
任职,78
完成,78
代码,76
高级,74
平台,73
具备,72
能,69
语言,68
*,68
维护,66
以上学历,66
编写,65
数据分析,65
算法,65
7,64
需求,63
Linux,61
沟通,61
(,60
合作,58
产品,58
+,58
本科,57
工具,57
参与,56
Django,55
文档,55
根据,53
业务,53
专业,51
公司,51
一种,51
研发,51
岗位职责,50
理解,49
:,48
常用,47
实现,47
中,47
至少,47
Web,46
软件开发,46
★,45
一定,44
后,44
应用,44
较,43
独立,43
运维,42
架构,42
能够,42
and,42
互联网,41
过,41
服务,41
问题,41
如,40
;,40
熟练掌握,38
功能,37
其他,37
岗位,37
测试,37
你,37
网络,37
-,37
MySQL,36
精神,36
web,36
计算机,35
基础,35
大,35
端,35
职位,35
编码,35
in,35
在,34
抓取,34
自动化,33
处理,32
以及,32
掌握,32
解决问题,32
模块,32
Redis,31
数据结构,31
资格,31
linux,31
原理,31
C++,30
8,30
清洗,30
环境,30
习惯,30
后台,30
扎实,29
mysql,29
高,29
架构设计,29
规范,29
操作,28
计算机相关,28
机器,28
Flask,28
实际,28
基本,27
云,27
性能,27
质量,27
策略,27
深入,27
计算,26
协议,26
redis,26
分布式,26
前端,25
建模,25
员工,25
职责,25
解决,25
学员,25
为,24
或者,24
优秀,24
我们,24
游戏,24
逻辑,24
课程,24
．,24
管理,23
责任心,23
新,23
包括,23
爬,23
HTTP,23
存储,23
9,22
各种,22
一年,22
Mysql,22
核心,22
提供,21
脚本,21
Tornado,21
善于,21
流程,21
多线程,21
！,21
意识,21
TCP,20
监控,20
下,20
考虑,20
数据处理,20
方案,20
发展,20
路,20
描述,20
可以,20
福利,20
调试,19
数学,19
人工智能,19
mongodb,19
任务,19
研究,19
flask,19
l,19
SQL,18
部署,18
／,18
强烈,18
做,18
MongoDB,18
行业,18
开源,18
基于,18
压力,18
多,18
深度,18
是,18
保证,18
快速,18
模型,18
配合,18
培训,18
IP,17
日常,17
知识,17
清晰,17
10,17
制定,17
进程,17
号,17
操作系统,17
分布式系统,17
加,17
一个,17
教学,17
服务器,16
Git,16
需要,16
Pandas,16
过程,16
其,16
前端开发,16
反,16
shell,16
量化,16
网站,16
django,16
of,16
主流,15
协作,15
很,15
领域,15
正则表达式,15
金融,15
非,15
接口,15
to,15
法定,15
the,15
配置,14
持续,14
全日制,14
热爱,14
运营,14
Java,14
并发,14
丰富,14
常见,14
毕业,14
HTML,14
上,14
库,14
加入,14
其中,14
假,14
带薪,14
会,14
海量,14
C,13
管理系统,13
协助,13
安排,13
部门,13
Docker,13
控,13
CSS,13
可,13
取,13
Scrapy,13
JavaScript,13
相应,13
程序,13
提升,13
结构化,13
活动,13
险,13
一,13
旅游,13
组件,13
软件工程,12
Unix,12
故障,12
搭建,12
调,12
numpy,12
拥有,12
把,12
服务端,12
重构,12
采集,12
API,12
解析,12
英文,12
阅读,12
人,12
逻辑思维,12
实践,12
关系,12
解决方案,12
大型,12
计划,12
不,12
从,12
结构,12
方向,12
通过,12
建立,12
天,12
Hadoop,12
knowledge,12
推荐,12
毕业生,11
优,11
特性,11
pandas,11
数据挖掘,11
以,11
调研,11
将,11
承担,11
线,11
承受,11
功底,11
场景,11
型,11
编程语言,11
集群,11
限于,11
效率,11
高性能,11
技术难题,11
从事,11
指导,11
如果,11
机制,11
development,11
用户,11
安全,11
节假日,11
基本功,10
微,10
可用,10
入库,10
提高,10
挖掘,10
服务器端,10
积极主动,10
风格,10
整理,10
设计模式,10
R,10
栈,10
好,10
作为,10
交流,10
专业本科,10
分,10
定期,10
网页,10
来,10
金,10
三年,10
责任感,10
scrapy,10
完善,10
Spark,10
is,10
for,10
with,10
a,10
功能模块,10
撰写,10
工程,10
【,9
】,9
JS,9
英语,9
11,9
各类,9
支持,9
实施,9
现有,9
高度,9
兴趣,9
RESTful,9
学生,9
市场,9
总结,9
按,9
到,9
主要,9
越,9
30,9
&,9
WEB,9
技能,9
较为,9
敏感,9
可视化,9
虚拟化,9
稳定性,9
背景,9
信息,9
单元测试,9
执行,9
模式,9
针对,9
每年,9
类,9
对于,9
脚本语言,9
pyspider,9
指标,9
分类,9
TensorFlow,9
讲师,9
on,9
or,9
详细,9
组织,9
双休,9
享受,9
国家,9
Odoo,9
com,8
IT,8
运行,8
Shell,8
内部,8
DevOps,8
条件,8
带领,8
Numpy,8
自己,8
物,8
联网,8
MQ,8
NoSQL,8
讲授,8
文本,8
也,8
整合,8
乐于,8
人员,8
关系数据库,8
网络协议,8
书写,8
版本,8
化,8
所,8
统计,8
提出,8
golang,8
有效,8
test,8
极,8
喜欢,8
Openstack,8
地点,8
改进,8
大专,8
调度,8
抽取,8
标准,8
be,8
skills,8
多种,8
整体,8
分项,8
AI,8
正式,8
规定,8
薪,8
产假,8
福利待遇,8
智能,8
招聘,7
cienet,7
http,7
报表,7
技术支持,7
发布,7
规划,7
RabbitMQ,7
Nginx,7
统计学,7
Kubernetes,7
积极,7
缓存,7
扩展性,7
做事,7
较大,7
队列,7
激情,7
CS,7
欢迎,7
关于,7
地址,7
B,7
深入研究,7
复杂,7
重,7
深刻,7
落地,7
但,7
css,7
获取信息,7
命名,7
逻辑性,7
业界,7
各,7
PostgreSQL,7
钻研,7
二次开发,7
统招,7
挑战,7
工业,7
失效,7
课程体系,7
实,7
结合,7
其它,7
理论,7
神经网络,7
experience,7
攻关,7
tornado,7
抗压,7
上线,7
Scipy,7
Matlab,7
投资,7
消息,7
高效,7
亦可,7
该,7
享有,7
公积金,7
节日,7
as,7
识别,7
购买,7
时间,7
薪资,7
双,7
确保,7
假期,7
不定期,7
五,7
奖金,7
JAVA,6
简单,6
更新,6
12,6
上级,6
文化,6
工作效率,6
验证,6
系统优化,6
合理,6
通信,6
变化,6
调整,6
除,6
敏捷,6
驱动,6
层,6
端的,6
MVC,6
Oracle,6
html,6
js,6
领导,6
开发进度,6
存在,6
保持,6
踏实,6
防,6
响应,6
团队精神,6
及其,6
链,6
对接,6
c++,6
方式,6
获取,6
数据模型,6
投放,6
高可用性,6
实时,6
方面,6
自学能力,6
高质量,6
两次,6
个,6
六,6
办公,6
零食,6
LINUX,6
实践经验,6
宝安区,6
案例,6
源码,6
都,6
解答,6
限制,6
D,6
software,6
洁癖,6
MYSQL,6
sql,6
内容,6
做好,6
全,6
页面,6
git,6
上课,6
及时,6
辅导,6
晋升,6
住房,6
氛围,6
交易,6
客户,6
构建,6
机器人,6
教育,6
思维,6
您,6
婚假,6
应届,6
表达能力,6
程序开发,6
导出,5
日志,5
思路,5
nginx,5
参数,5
Zabbix,5
SVN,5
13,5
高校,5
语法,5
自然语言,5
认同,5
研发部门,5
?,5
…,5
细节,5
saas,5
浓厚,5
添加,5
面向对象,5
教学大纲,5
格式化,5
Excel,5
管理员,5
按时,5
[,5
],5
计算机科学,5
XPath,5
一群,5
未来,5
同时,5
类型,5
已有,5
成立,5
于,5
创新,5
站,5
74,5
交互,5
IaaS,5
PaaS,5
产品设计,5
大神,5
海外,5
讨论,5
xpath,5
Celery,5
容器,5
方法,5
展示,5
Ansible,5
监督,5
编制,5
使,5
严谨,5
协调,5
规则,5
选择器,5
XML,5
AJAX,5
拥抱,5
程序设计,5
一门,5
实战经验,5
关注,5
任一,5
c,5
专注,5
渠道,5
思考,5
地,5
致力于,5
打造,5
深厚,5
腾讯,5
成长,5
月,5
病假,5
年度,5
每月,5
多媒体,5
部分,5
初级,5
java,5
类库,5
大厦,5
应对,5
修改,5
包,5
测试数据,5
部件,5
健康,5
状态,5
定制,5
RCA,5
预测,5
运用,5
积极向上,5
教学方法,5
体系,5
NumPy,5
Matplotlib,5
图像,5
Keras,5
去,5
结果,5
验证码,5
an,5
design,5
product,5
scripts,5
EE,5
Familiar,5
communication,5
AngularJS,5
mongo,5
caffe,5
jquery,5
手写,5
语句,5
驻场,5
瓶颈,5
之一,5
DB2,5
搜索,5
注重,5
NOSQL,5
工具包,5
HTML5,5
清理,5
必须,5
按照,5
课程内容,5
情况,5
成绩,5
录用,5
周一,5
完整,5
企业,5
不断,5
指定,5
plus,5
任何,5
管理工具,5
大规模,5
引擎,5
性,5
文字,5
硕士,5
带,5
以下,5
认真负责,5
竞赛,5
HBase,5
愿意,5
竞争力,5
失业,5
生育,5
周末,5
个人,5
system,5
new,5
Good,5
within,5
Knowledge,5
语音,5
产品开发,5
思路清晰,5
休假,5
年底,5
18,5
希望,5
追求,5
进度,5
小时,5
薪水,5
户外活动,5
想,5
公共,5
届,4
软件测试,4
听说读写,4
www,4
博,4
中间件,4
安装,4
用法,4
事业心,4
Jenkins,4
嵌入式软件,4
单片机,4
PLC,4
DSP,4
体验,4
随时,4
CentOS,4
常规,4
敬业,4
Ajax,4
质,4
除了,4
写,4
之外,4
兴趣爱好,4
开,4
源代码,4
期待,4
一起,4
表现,4
出,4
NoSql,4
Mongodb,4
而,4
气氛,4
稳健,4
有志之士,4
楼,4
近,4
真,4
Automation,4
命令行,4
网络服务,4
请,4
本,4
小,4
智能化,4
一项,4
Saltstack,4
资产,4
任务分配,4
单元,4
查出,4
缺陷,4
记录,4
可用性,4
条理清楚,4
屏蔽,4
变动,4
Jsoup,4
XPATH,4
机构,4
JSON,4
设计师,4
应用层,4
最新,4
一致性,4
这些,4
效果,4
回报,4
大量,4
广告,4
例如,4
比如,4
乐,4
客,4
应用软件,4
均,4
%,4
助,4
调薪,4
绩效奖金,4
体检,4
团建,4
水果,4
非常,4
没有,4
go,4
底层,4
求知欲,4
JQuery,4
体系结构,4
文件,4
科技园,4
建设,4
Tcp,4
想法,4
GitHub,4
角度,4
现场,4
面向对象编程,4
评估,4
思想,4
归纳,4
且,4
参加,4
训,4
操,4
疑问,4
教学资料,4
无,4
Hive,4
科学计算,4
回归,4
训练,4
Caffe,4
Theano,4
ConvNet,4
Torch,4
融合,4
tools,4
verification,4
use,4
customer,4
will,4
tool,4
etc,4
would,4
预研,4
充满,4
tensorflow,4
多个,4
任,4
接入,4
py,4
javascript,4
适应,4
符合,4
提取,4
代理,4
Pyspider,4
Nutch,4
Heritrix,4
内存,4
规范化,4
SQLServer,4
理解能力,4
执行力,4
反馈,4
控制,4
CSS3,4
D3,4
应届生,4
Internet,4
程,4
报告,4
家长,4
开发者,4
普通话,4
全职,4
社会保险,4
餐,4
补,4
常用命令,4
软件设计,4
索引,4
上级领导,4
重视,4
图像处理,4
检测,4
移动,4
入,4
职,4
免费,4
弹性,4
下午茶,4
并且,4
行为,4
探索,4
Scikit,4
learn,4
Apache,4
补贴,4
额外,4
羽毛球,4
业内,4
电子,4
系统分析,4
specifications,4
Write,4
work,4
You,4
following,4
preferred,4
UNIX,4
Science,4
稳定,4
模块化,4
抽象,4
Python1,4
聚,4
浓厚兴趣,4
发掘,4
00,4
年休假,4
博客,4
~,4
策划,4
升级,4
视频,4
作品,4
程序员,4
共同,4
要,4
利用,4
一次,4
有人,4
底薪,4
提成,4
工伤,4
关联,4
聚餐,4
ElasticSearch,4
our,4
platform,4
对象,3
2018,3
学历,3
通信工程,3
电子信息,3
邮箱,3
recruit,3
@,3
官方网站,3
weibo,3
生产,3
等等,3
数据备份,3
Windows,3
指令,3
常用软件,3
tomcat,3
HA,3
负载,3
均衡,3
测试环境,3
排除,3
GIT,3
配置管理,3
jenkins,3
集成,3
阿里,3
ECS,3
SLB,3
OSS,3
RDS,3
自我,3
python1,3
全面,3
library,3
数理统计,3
打交道,3
创业,3
及时处理,3
可追溯,3
基础设施,3
敏感度,3
擅于,3
准备,3
用于,3
灵活运用,3
引入,3
贡献者,3
端系统,3
研究生,3
通讯,3
celery,3
Mac,3
高负荷,3
自我管理,3
开拓精神,3
Javascript,3
Jquery,3
培养,3
实习生,3
elasticsearch,3
计算机辅助,3
数据中心,3
备份,3
合并,3
以外,3
知道,3
如何,3
贡献,3
目前,3
正在,3
更,3
一件,3
意义,3
事,3
亲自,3
科技领域,3
两个,3
最,3
热门,3
代表,3
unix,3
script,3
MySql,3
求知,3
好学,3
原则,3
商业,3
从头,3
兼,3
Net,3
宽,3
2005,3
120,3
余名,3
余,3
浓郁,3
正规,3
唯才是举,3
普陀区,3
云岭,3
东路,3
609,3
汇,3
银,3
铭,3
尊,3
605,3
室,3
威宁,3
北路,3
附近,3
公交,3
551,3
莘,3
北,3
专线,3
202,3
44,3
766,3
长征,3
739,3
Py3,3
Py2,3
Yaml,3
前后,3
vSphere,3
OpenStack,3
Cloudify,3
Cloud,3
Foundry,3
Prometheus,3
创造力,3
得到,3
共同进步,3
GitLab,3
各位,3
注意,3
211,3
985,3
哥哥,3
谢谢,3
统计分析,3
内部测试,3
正确性,3
完整性,3
自助,3
K8S,3
多项,3
Tornado4,3
vue,3
支撑,3
技术人员,3
之,3
任意,3
概率,3
时序,3
淘宝,3
1688,3
电商,3
比较复杂,3
比特,3
币,3
以太,3
坊,3
他,3
区块,3
成果,3
进步,3
合作开发,3
solidity,3
严苛,3
市场推广,3
Google,3
Facebook,3
客户端程序,3
推广,3
选项,3
产生,3
解释,3
找到,3
最大化,3
A,3
认可,3
The,3
Zen,3
系统性,3
根源,3
易,3
精品,3
手机游戏,3
发行,3
世界级,3
一流,3
创始人,3
CTO,3
原,3
总监,3
经理,3
技术骨干,3
飞速发展,3
首,3
盈利,3
100,3
营,3
收,3
增长,3
已,3
获,3
A轮,3
融资,3
估值,3
亿,3
人民币,3
导师制,3
一对一,3
导师,3
达,3
15,3
事假,3
高大,3
无限量,3
供应,3
攻克,3
自测,3
Ubuntu4,3
或非,3
统一,3
发现,3
开发人员,3
帮助,3
组长,3
带头,3
能带,3
不错,3
内核,3
SaaS,3
见解,3
KVM,3
XEN,3
DOCKER,3
及格,3
NOVA,3
neutron,3
Heat,3
常见问题,3
调式,3
动力,3
未知,3
Linux1,3
三层,3
ExtJS,3
REST,3
读写,3
资源,3
PyQT,3
本科毕业,3
深圳市,3
新奇,3
二期,3
二号楼,3
1006,3
兴,3
东站,3
PYQT,3
项目前期,3
梳理,3
Shell3,3
SNMP,3
长宁区,3
长宁路,3
1033,3
联通,3
浦东新区,3
浦东,3
大道,3
900,3
成功,3
绕过,3
Selenium,3
抓,3
传输,3
模拟,3
乐趣,3
敢于,3
博客地址,3
整机,3
机,3
电,3
综合,3
机械传动,3
传动,3
起,3
机械,3
评断,3
评价,3
模板,3
分析方法,3
些,3
GUI,3
预,3
回馈,3
热爱工作,3
端正,3
python2,3
授课,3
辅导工作,3
学校,3
研讨,3
品行端正,3
不良嗜好,3
抽烟,3
饮酒,3
封装,3
含,3
Impala,3
Hbase,3
Sqoop,3
SdPy,3
Seaborn,3
Bokeh,3
交互式,3
NLTK,3
Jieba,3
情感,3
特征描述,3
SVM,3
决策树,3
贝叶斯,3
增量,3
之后,3
破解,3
图片,3
账号,3
ip,3
selenium,3
通信协议,3
Job,3
Title,3
Location,3
ShanghaiJob,3
descriptionThis,3
job,3
opening,3
engineer,3
develop,3
debug,3
semiconductor,3
chip,3
validation,3
Essential,3
Functions,3
including,3
dynamic,3
technologiesDevelop,3
maintain,3
Provide,3
innovation,3
modelsSupport,3
engagement,3
China,3
AsiaPacRequirementsMS,3
exceptional,3
BS,3
consideredIn,3
depth,3
programmingExperience,3
programmingStrong,3
background,3
data,3
structures,3
algorithms,3
large,3
scale,3
programmingGood,3
EnglishPreferred,3
EDA,3
Verification,3
methodology,3
plusFamiliar,3
programing,3
helpful,3
集成电路,3
IC,3
服务平台,3
推动,3
关键技术,3
安全性,3
承接,3
促进,3
风,3
sqlserver,3
挑战性,3
诚实,3
困难,3
mxnet,3
diango,3
即可,3
外,3
sdk,3
ajax,3
django1,3
Python2,3
Tornado3,3
蓝图,3
评审,3
操作手册,3
系统维护,3
手册,3
电子商务,3
mongdb,3
三者,3
Xpath,3
Beautifulsoup,3
Storm,3
streaming,3
Flink,3
流,3
类似,3
Dubbo,3
ZK,3
IO,3
书写能力,3
注释,3
拆,3
分成,3
核心技术,3
业务人员,3
Orcale,3
SQLSERVER,3
操作命令,3
良好习惯,3
docker,3
devops,3
rhce,3
ccnp,3
证书,3
获取数据,3
格式,3
校对,3
需,3
转译,3
物理,3
代码执行,3
私募,3
数据源,3
出色,3
24,3
应急,3
php,3
依然,3
IM,3
第一,3
Postgresql,3
ReactJS,3
BackboneJS,3
Ionic,3
不仅,3
列出,3
BI,3
echarts,3
插件,3
aio,3
读写能力,3
管理者,3
日语,3
童,3
细则,3
教研,3
班级,3
沟通交流,3
回访,3
及时发现,3
批改,3
作业,3
测评,3
评定,3
班主任,3
计算机专业,3
表达清晰,3
有条理,3
属于,3
一经,3
周二,3
管道,3
畅通,3
签订,3
劳动合同,3
合规,3
每季度,3
聚会,3
生日会,3
礼物,3
快乐,3
活力,3
交易系统,3
回,3
测,3
营造,3
交代,3
重点,3
事件驱动,3
用,3
第三方,3
系统软件,3
UDP,3
such,3
iOS,3
手机,3
不同,3
功能设计,3
拆分,3
审核,3
热情,3
GPU,3
并行计算,3
集,3
公众,3
这里,3
^,3
即,3
假日,3
手,3
年终,3
年终奖金,3
柜,3
快,3
吧,3
前沿技术,3
自主,3
资料,3
流利,3
备课,3
教案,3
顾问,3
中心,3
事业,3
耐心,3
爱玩,3
幼教,3
画像,3
经历,3
成员,3
交付,3
专科,3
perl,3
科学,3
MLlib,3
年终奖,3
优秀员工,3
养老保险,3
保险,3
陪,3
内,3
电影,3
每周,3
机会,3
图像识别,3
IOT,3
洞察,3
表达,3
activities,3
them,3
related,3
involved,3
maintenance,3
technology,3
working,3
English,3
able,3
thinking,3
travel,3
internationally,3
Learning,3
Be,3
Experience,3
areas,3
Test,3
network,3
advanced,3
Master,3
Bachelor,3
degree,3
Computer,3
可靠,3
低,3
研,3
sklearn,3
口,3
改造,3
查询,3
消息中间件,3
Lucene,3
Solr,3
memcache,3
主动,3
比例,3
构架,3
一些,3
周五,3
依法,3
全体,3
极致,3
nosql,3
软件产品,3
Memcached,3
URL,3
PHP,3
概要,3
面向对象分析,3
素养,3
细致,3
跟踪,3
ACM,3
感兴趣,3
桌面,3
理工科,3
尤佳,3
不是,3
找,3
一份,3
让,3
严格,3
可扩展性,3
还,3
知名,3
颉,3
命令,3
在线,3
客服,3
概念,3
软件架构,3
二,3
种,3
制,3
周岁,3
有意,3
养老,3
医疗,3
多天,3
休息,3
一致,3
岁,3
住宿,3
转正,3
丧假,3
老,3
男孩,3
目标,3
—,3
伙伴,3
作,3
就是,3
自由,3
关卡,3
哦,3
可能,3
五年,3
商品,3
决策,3
遇到,3
丰厚,3
篮球,3
南山区,3
工作制,3
支持系统,3
搜索引擎,3
RPA,3
项目组,3
岗,3
’,3
Able,3
expected,3
接受,3
UI,3
私有,3
主导,3
数据库系统,3
礼金,3
礼品,3
红包,3
难题,2
数量,2
如下,2
Network,2
baseline,2
Also,2
common,2
Javscript,2
Rancher,2
protocol,2
language,2
postgresql,2
作出,2
勇于,2
SikuliX,2
uiautomator,2
AutomatorX,2
Android,2
写法,2
OpenERP,2
访问,2
odoo,2
erp,2
跟进,2
高可靠性,2
严格要求,2
检查和,2
Deepdive,2
工业界,2
该类,2
当前,2
关键,2
紧密,2
影响,2
软件平台,2
世界各地,2
同事,2
助力,2
各个领域,2
NLP,2
CUDA,2
图形学,2
裁剪,2
Text,2
detection,2
OCR,2
新型,2
特殊,2
迁移,2
博士,2
面向用户,2
pc,2
官,2
网,2
说明,2
pg,2
redis3,2
思考者,2
扛,2
压,2
看,2
<,2
_,2
>,2
上班,2
朝,2
九,2
晚,2
不止,2
惊喜,2
伴,2
礼,2
绩效,2
饮食,2
午,2
晚餐,2
体育运动,2
卡,2
温馨,2
扁平化,2
爱,2
玩转,2
海洋,2
收获,2
可爱,2
小伙伴,2
mongodb4,2
javarscript,2
html5,2
angularjs,2
尤其,2
读,2
AngularJS2,2
TypeScript,2
试,2
听课,2
考评,2
质监,2
学生上课,2
教授,2
材料,2
器材,2
课后,2
经验总结,2
科目,2
语言表达,2
孩子,2
爱心,2
亲和力,2
早教,2
教师,2
资格证书,2
工,2
科,2
学前教育,2
助教,2
个性化,2
开发计划,2
各项,2
本科学历,2
欲望,2
子系统,2
多样化,2
读取,2
webmagic,2
nutch,2
heritrix,2
Soket,2
抱,2
数据系统,2
薪酬,2
工资,2
午餐,2
交通,2
奖,2
医疗保险,2
工伤保险,2
外部,2
沙龙,2
党支部,2
运动会,2
给予,2
出国,2
咖啡,2
冰箱,2
微波炉,2
专人,2
热饭,2
共,2
创下,2
辉煌,2
十年,2
密码,2
数字化,2
应聘,2
网关,2
gateway,2
涉及,2
嵌入式,2
测试软件,2
级别,2
CET,2
领悟,2
动态,2
敏锐,2
为人正直,2
最好,2
应用领域,2
ARM,2
MCU,2
开发方式,2
tornadon,2
Study,2
requirement,2
make,2
time,2
estimates,2
regarding,2
different,2
during,2
phase,2
map,2
requirements,2
Review,2
together,2
designers,2
managers,2
others,2
automate,2
execution,2
Execute,2
cases,2
document,2
results,2
trouble,2
reports,2
relevant,2
error,2
logs,2
attached,2
Find,2
faults,2
verify,2
corresponding,2
corrections,2
Ensuring,2
functionality,2
characteristics,2
node,2
level,2
Responsible,2
lab,2
HW,2
configuration,2
Other,2
testing,2
process,2
There,2
opportunities,2
well,2
being,2
trial,2
at,2
site,2
Competence,2
need,2
have,2
open,2
mind,2
positive,2
attitude,2
constructive,2
way,2
solving,2
problems,2
should,2
also,2
Result,2
oriented,2
flexible,2
innovative,2
Interested,2
improving,2
ways,2
Fluent,2
both,2
spoken,2
written,2
express,2
own,2
clearly,2
Excellent,2
ability,2
short,2
notice,2
up,2
several,2
weeks,2
quickly,2
apply,2
tasks,2
Innovative,2
solution,2
abilities,2
Willing,2
accept,2
challenges,2
initiative,2
accountable,2
good,2
team,2
player,2
required,2
methods,2
Troubleshooting,2
Previous,2
Software,2
Quality,2
Assurance,2
databases,2
access,2
languages,2
LDAP,2
Advanced,2
administrator,2
user,2
TTCN,2
NSP,2
TSP,2
SUSE,2
SLES,2
scripting,2
programming,2
considered,2
GSN,2
competence,2
solutions,2
setup,2
GPRS,2
WCDMA,2
systems,2
EPC,2
architecture,2
Has,2
policy,2
control,2
diameterQualification,2
Preferably,2
equivalent,2
any,2
Telecommunication,2
Information,2
Technology,2
Electrical,2
Engineering,2
钛,2
服,2
TiSEC,2
独当一面,2
洞悉,2
竞争对手,2
前沿,2
趋势,2
冗余度,2
版本控制,2
uwsgi,2
OOP,2
Memcache,2
好奇心,2
进取心,2
乐观,2
认真细致,2
矩阵,2
运算,2
MXNet,2
pytorch,2
自,2
师资,2
考核,2
诸如,2
基本概念,2
人脸识别,2
数值,2
nlp,2
opencv,2
北京市,2
海淀区,2
学,2
清,2
38,2
金码,2
距,2
六道,2
地铁站,2
步行,2
14,2
米,2
Numpy1,2
提炼,2
输出,2
呈现,2
布置,2
富于,2
敬业精神,2
bootstrap,2
ECharts,2
matplotlib,2
scipy,2
系统分析员,2
对系统,2
Socket,2
冗余,2
率,2
Sqlalchemy,2
Cassandra,2
选,2
①,2
②,2
销,2
品,2
供应链,2
业务流程,2
③,2
突出,2
App,2
Sphinx,2
KAFKA,2
碰到,2
达到,2
质量标准,2
错误率,2
不间断,2
tronado,2
SQLite,2
产出,2
对外,2
数据服务,2
key,2
value,2
待遇,2
社保,2
基数,2
全额,2
深圳,2
最高,2
法律,2
公,2
休假日,2
选型,2
保证系统,2
建议,2
简介,2
至,2
～,2
午休,2
半小时,2
双休日,2
元旦,2
春节,2
清明,2
五一,2
十一,2
端午节,2
中秋节,2
每,2
一位,2
人选,2
Golang,2
编排,2
品质,2
超强,2
坐标,2
上海,2
改善,2
给,2
别人,2
优秀论文,2
Twitter,2
Stack,2
Overflow,2
方便,2
安,2
卓,2
注,2
驻点,2
中国,2
!,2
HBASE,2
ajax1,2
排查,2
优等,2
件,2
Sanic,2
Pyramid,2
jQuery,2
Bootstrap,2
式,2
MariaDB,2
RDBMS,2
FastDB,2
基,2
Re,2
BeautifulSoup,2
BloomFilter,2
西,2
刺,2
匿,2
分发,2
保存,2
代码优化,2
Bug,2
演进,2
产品质量,2
测试用例,2
信息安全,2
Ip,2
Http,2
Https,2
Snmp,2
Ldap,2
Svn,2
Gitlab,2
职业道德,2
周六,2
教学效果,2
创意,2
课件,2
教材,2
老师,2
所有,2
后续,2
上下游,2
制作,2
做出,2
信息学,2
NOIP,2
获奖,2
讲解,2
文案,2
性格,2
活泼,2
口齿清楚,2
吃苦耐劳,2
儿童心理,2
科研人员,2
服从,2
项目经理,2
分配,2
银行,2
组成员,2
测试人员,2
行业软件,2
写作能力,2
充分,2
My,2
Sybase,2
AIX,2
Solaris,2
HP,2
虚拟机,2
基础知识,2
QEMU,2
顺畅,2
思维能力,2
流转,2
迭代,2
基础架构,2
创造,2
实用工具,2
日新月异,2
选择,2
适合,2
linuxshell,2
准确,2
传达,2
理念,2
秉持,2
开放,2
心态,2
分支,2
CICD,2
爬虫类,2
只有,2
靠,2
谱,2
力,2
创业者,2
基因,2
渴望,2
养家糊口,2
开发新,2
划分,2
综合测试,2
诊断,2
定位,2
自带,2
基本原理,2
apache,2
长期,2
混,2
社区,2
猴子,2
派,2
觉得,2
独特,2
先进,2
安全监控,2
超,2
组成部分,2
软件工具,2
杂乱,2
同等,2
Informix,2
PostgreSql,2
系统结构,2
条理清晰,2
务实,2
oracle1,2
聚类分析,2
从而,2
刻画,2
另外,2
关键词,2
数字,2
打,2
标签,2
特征,2
使得,2
资讯,2
投,2
顾,2
具体,2
上述,2
金融学,2
所属,2
图谱,2
导入,2
协,2
优良,2
可读性,2
预处理,2
转换,2
装载,2
调测,2
新兴,2
定义,2
分工,2
遵从,2
研发部,2
一本,2
管理软件,2
网络安全,2
基本操作,2
细化,2
软件系统,2
出国游,2
效益,2
发放,2
季度,2
理工类,2
录取,2
有无,2
有着,2
悟性,2
爱岗敬业,2
态度,2
公司总部,2
设立,2
西乡,2
子公司,2
分布,2
各个,2
辖区,2
择,2
拓展,2
医疗险,2
年龄,2
20,2
认真,2
融入,2
获得,2
长远,2
空间,2
为主,2
大型项目,2
hadoop,2
rabbitMQ,2
kafka,2
极具,2
诱惑力,2
公平,2
公正,2
透明化,2
舒适,2
整洁,2
轻松,2
愉快,2
这样,2
诚挚,2
邀请,2
行列,2
多元,2
销售,2
缜密,2
诚信,2
坚持不懈,2
技巧,2
进入,2
价值,2
一家,2
那,2
就,2
上午,2
下午,2
休,2
上海市浦东新区,2
张,2
江,2
创智,2
良,2
仓,2
雇员,2
信,2
不会,2
孤,2
男,2
默,2
女,2
援,2
泪,2
zuo,2
志,2
si,2
青年,2
迷茫,2
团结友爱,2
关心,2
互助,2
海贼王,2
跟,2
once,2
piece,2
里,2
一样,2
成为,2
大海,2
贼,2
剑,2
豪,2
尽情,2
只要,2
一片,2
海域,2
勇闯,2
奖励,2
亲,2
闯关,2
指数,2
打游戏,2
喝茶,2
聊天,2
玩,2
向前,2
开心,2
不该,2
浮想联翩,2
数据仓库,2
Kimball,2
多维,2
公用,2
KPI,2
台,2
DMEP,2
原始,2
本质,2
展现,2
辅助,2
PyTorch,2
SciKIT,2
NumPY,2
分解,2
修饰,2
事件,2
相关性,2
全程,2
措施,2
Node,2
哪个,2
看法,2
特别,2
排斥,2
客户端,2
业绩,2
保障,2
出资,2
会议,2
轮岗,2
通道,2
健身,2
带薪休假,2
福,2
利,2
youdeyi,2
祥,2
科技,2
协同工作,2
程序编制,2
遵循,2
程序代码,2
因为,2
经常,2
变更,2
保持良好,2
以期,2
应用程序,2
LAMP,2
善用,2
必要,2
荐,2
扶摇直上,2
可行性,2
全文检索,2
\,2
ActiveMQ,2
能动性,2
活跃,2
意见,2
交给,2
短期,2
出差,2
每周三,2
对应,2
国内游,2
国外,2
游,2
月工资,2
储备,2
干部,2
人才,2
300,2
向,2
申请,2
ll,2
Lab,2
Shanghai,2
Digital,2
application,2
charge,2
features,2
its,2
integration,2
DUTIES,2
Innovation,2
according,2
roadmap,2
functionalities,2
backend,2
coding,2
Support,2
operational,2
project,2
technical,2
Documentation,2
via,2
WikiSKILLS,2
Strong,2
framework,2
Github,2
communicate,2
EnglishQUALIFICATIONS,2
years,2
professional,2
back,2
end,2
International,2
studies,2
workable,2
执着,2
试用,2
职业,2
操守,2
19,2
严密,2
结构设计,2
对待,2
H5,2
白鹭,2
c#,2
IAAS,2
S,2
Twisted,2
Gevent,2
自动,2
ORM,2
zabbix,2
Libvirt,2
RESTful1,2
名校,2
技术类,2
一等奖,2
获奖者,2
富有,2
openstack,2
请求,2
数下,2
水准,2
技术规范,2
满足,2
在技术上,2
整个,2
检查,2
CtoC,2
设计者,2
分布式计算,2
分布式文件系统,2
存储系统,2
分析模型,2
路径分析,2
协同,2
过滤,2
主动性,2
pyqt,2
文本处理,2
图象,2
间通信,2
Kafka,2
实行,2
当月,2
年限,2
激励机制,2
提拔,2
横向发展,2
常备,2
面包,2
文体,2
娱乐活动,2
游泳,2
登山,2
唱,2
K,2
省内,2
国内,2
重大,2
传统,2
每逢,2
过节,2
守候,2
群,2
一大,2
波,2
雨,2
来临,2
