机械,1936
工作,1738
设计,1675
工程师,1190
产品,1057
经验,1049
相关,1030
负责,926
设备,875
技术,856
职能,800
类别,792
能力,787
要求,758
熟悉,689
机械设计,670
专业,648
and,627
软件,619
以上,618
优先,582
自动化,552
项目,534
良好,500
熟练,492
完成,492
进行,491
工艺,477
关键字,469
以上学历,451
公司,446
沟通,441
图纸,417
生产,411
使用,395
任职,386
具有,379
结构,368
团队,360
客户,359
非标,344
研发,317
工程,309
开发,292
问题,292
调试,288
CAD,287
提供,263
机电,256
岗位职责,248
分析,245
根据,241
精神,240
管理,240
加工,235
the,232
销售,231
独立,230
具备,230
in,222
其他,221
of,219
安装,218
to,218
装配,214
制造,210
大专,207
过程,206
指导,201
参与,200
方案,197
行业,195
岗位,192
现场,192
本科,188
原理,188
质量,188
三维,187
配合,184
合作,181
结构设计,176
协调,176
系统,175
文件,171
协助,169
制图,166
零部件,166
材料,165
选型,159
资格,159
了解,159
制定,159
绘图员,154
能够,154
精通,154
维修,154
职位,151
一体化,150
解决,150
3D,148
with,148
应用,146
任务,146
部件,145
制作,144
部门,144
资料,142
责任心,141
for,140
design,140
维护,138
英语,136
知识,135
技术支持,135
改进,133
绘图,132
一定,128
AutoCAD,128
编写,127
以及,127
绘制,127
组装,125
Solidworks,125
机械设备,122
考虑,122
编制,122
操作,120
较强,120
产品设计,120
需求,120
跟踪,119
学习,117
夹具,116
零件,115
供应商,115
认真负责,115
测试,114
机器人,113
控制,113
处理,113
流程,112
严谨,111
协作,110
工装,108
包括,108
运用,107
机械加工,106
从事,106
出差,105
电气,104
培训,102
机械制造,102
or,101
我们,101
优化,100
创新,100
检验,100
安排,100
UG,100
采购,99
办公,99
意识,98
工业,97
计划,97
组织,97
人员,97
细致,96
团队精神,95
实施,92
各种,92
机械类,92
文档,91
标准,89
及时,86
设备设计,85
主管,84
基础,84
汽车,84
经历,83
mechanical,83
2D,83
员工,82
吃苦耐劳,81
on,80
基本,79
掌握,79
压力,78
整理,78
BOM,78
领导,77
液压,77
二维,77
清单,77
职责,77
时间,76
发展,75
成本,74
描述,73
认真,72
企业,71
上海,71
经理,70
experience,70
熟练掌握,68
审核,67
做好,66
work,66
支持,66
福利,65
毕业,64
踏实,64
评估,64
进度,64
传动,64
地点,63
适应,63
仿真,62
机构,62
确保,62
善于,62
主要,62
服务,62
方面,61
收集,61
各类,59
动手,59
及其,59
常用,59
验收,58
提出,58
产品开发,58
生产线,58
装配图,58
业务,58
完善,57
SolidWorks,57
10,56
模具,56
technical,56
英文,56
毕业生,55
机械制图,55
补贴,55
技能,55
建模,55
市场,55
安全,54
按照,54
engineering,54
skills,54
积极主动,54
电子,54
售后,54
SOLIDWORKS,53
交流,53
检测,53
工厂,53
30,53
规范,53
确认,53
积极,52
Pro,52
solidworks,52
equipment,52
执行,52
气动,52
解决方案,52
承担,52
上级,51
情况,51
交办,51
年龄,51
team,51
学历,50
专业本科,50
输出,50
部分,50
日常,50
包装,50
机加工,49
内容,49
条件,49
方案设计,49
试制,49
应届,48
验证,48
定期,48
自己,48
承受,48
提高,47
test,47
as,47
背景,47
优秀,47
计算,47
归档,47
信息,47
跟进,47
电机,46
选用,46
装备,46
扎实,46
一年,46
保养,45
薪资,45
is,45
标准化,45
com,45
设计方案,45
修改,45
机械行业,45
至少,45
外协,45
整机,44
工艺流程,44
性能,44
改善,44
规划,44
态度,44
机械工程,43
建立,43
AUTOCAD,43
project,43
带薪,43
或者,43
外购,42
待遇,42
丰富,42
数据,42
工具,42
施工,42
机会,41
出图,41
可以,41
报告,41
需要,40
能看懂,40
研究,40
旅游,40
上海市,40
说明书,40
保证,39
记录,39
检查,39
全日制,39
三年,39
English,39
support,39
详细,39
项目管理,39
product,39
欢迎,39
机械传动,38
production,38
接受,38
专利,38
加班,38
售前,38
专科,37
计算机辅助,37
出现,37
现有,37
地址,37
years,37
customer,37
做事,36
设计师,36
解决问题,36
规定,36
仪器,36
knowledge,36
Office,36
CATIA,36
drawings,36
医疗器械,36
模拟,35
抗压,35
五险,35
相应,35
内部,35
related,35
助理,34
可行性,34
方法,34
Good,34
communication,34
班车,34
免费,34
合理,33
双休,33
两年,33
理论,33
职业,33
评审,33
改造,33
一金,32
process,32
领域,32
电气工程师,32
12,32
日语,32
机床,32
富有,31
有效,31
国家,31
system,31
be,31
环境,31
实际,31
Mechanical,31
简单,31
管道,30
准确,30
管理工作,30
硕士,30
奖金,30
office,30
working,30
www,30
确定,30
通过,30
公差,30
具体,30
车间,30
development,30
计算机,29
management,29
new,29
Job,29
更新,29
招聘,29
加入,29
从业,29
运动,28
故障,28
各项,28
活动,28
传感器,28
售后服务,28
all,28
manufacturing,28
parts,28
医疗,28
表达能力,28
技巧,28
焊接,28
流体,28
理解,28
技师,27
语言表达,27
周末,27
大型,27
输送,27
other,27
degree,27
方向,27
其它,27
工程项目,27
满足,27
平台,27
基础知识,27
思维,26
状态,26
运行,26
from,26
元件,26
订单,26
25,26
代表,26
年度,26
环保,26
20,26
福利待遇,26
所有,26
customers,26
类产品,26
住宿,26
是否,26
应届生,25
节假日,25
监督,25
一种,25
制程,25
每年,25
持续,25
17,25
节日,25
产品质量,25
中专,25
建议,25
参加,25
转产,25
工程图,25
site,25
目标,25
钳工,25
准备,25
标准件,25
智能,25
以下,25
我司,25
细心,24
五年,24
quality,24
good,24
at,24
全面,24
教育,24
Engineering,24
作业,24
engineer,24
样品,24
报价,24
亦可,24
提升,24
PRO,24
电话,24
will,24
功能,23
物料,23
including,23
号线,23
高度,23
简历,23
专业知识,23
风险,23
Experience,23
etc,23
本科学历,23
工作餐,23
ability,23
空间,23
动作,23
自我,23
拥有,23
机械零件,23
40,23
文献,23
外贸,23
analysis,23
00,23
工资,22
进取心,22
事项,22
assembly,22
服从,22
maintenance,22
快速,22
体系,22
注塑,22
模型,22
样机,22
松江,22
试验,22
创新能力,22
有关,22
整体,22
编程,22
造型,22
程度,22
sales,22
晋升,22
热爱,22
元器件,22
Auto,22
读写能力,21
流利,21
化工,21
supplier,21
company,21
software,21
诚实,21
申请,21
统计,21
Excel,21
流水线,21
45,21
意见,21
人才,21
共同,21
阶段,21
区域,21
个人,21
实习,21
撰写,21
长期,21
Knowledge,21
电梯,21
Ability,21
综合,20
大学本科,20
关系,20
范围,20
调研,20
标识,20
有限元,20
可靠性,20
体检,20
零件图,20
选择,20
正确,20
表面,20
按时,20
对外,20
说明,20
合同,20
责任感,20
总结,20
装置,20
大学,19
四级,19
above,19
requirements,19
大学专科,19
不断,19
发放,19
模具设计,19
水平,19
生产工艺,19
PROE,19
交通,19
对于,19
电气设计,19
面试,19
金属,19
MS,19
Word,19
开展,19
测绘,19
实现,19
一起,19
开拓,19
愿意,19
咨询,19
薪酬,19
specifications,19
drawing,19
写作,19
Design,19
products,19
执行力,18
缴纳,18
享有,18
发现,18
指标,18
必须,18
技术部,18
有限公司,18
11,18
布局,18
AUTO,18
针对,18
塑胶,18
交付,18
讨论,18
建设,18
PLC,18
阅读,18
指导书,18
调整,18
录用,18
一个,18
强烈,18
年终奖,18
必要,18
电路,18
转化,18
反馈,18
物流,18
机器,17
技术员,17
备件,17
高级,17
plus,17
上级领导,17
cost,17
preferred,17
skill,17
临时,17
更佳,17
自动,17
测量,17
校对,17
年终,17
动力,17
钢结构,17
Inventor,17
数控,17
Bachelor,17
提成,17
according,17
冲压,17
异常,17
同时,17
软件设计,17
are,17
提交,17
制度,17
solutions,17
特性,17
集团,17
博世,17
金属材料,16
主要职责,16
法定,16
检验员,16
关键,16
responsible,16
by,16
projects,16
Strong,16
小时,16
地铁,16
特别,16
完整,16
二年,16
13,16
双薪,16
主动,16
补助,16
布置,16
汇报,16
35,16
ERP,16
文化,16
written,16
男女,16
Work,16
渠道,16
To,16
that,16
参数,16
汽车行业,16
身体健康,16
021,16
竞争力,16
应聘,16
加工过程,16
Be,16
技工,16
15,16
总监,16
实习生,15
上进心,15
制订,15
结果,15
研究生,15
享受,15
最终,15
运营,15
用户,15
develop,15
technology,15
方式,15
敬业精神,15
不良,15
PPT,15
符合,15
理工科,15
挑战,15
海外,15
存在,15
对应,15
通讯,15
联系,15
an,15
CET,15
environment,15
Solid,15
维修保养,15
对内,15
热情,15
估算,15
The,15
勤奋,15
并且,15
给予,15
ProE,15
总成,15
经常,15
翻译,15
中心,15
金山,15
保持,14
正常,14
升级,14
质检,14
理念,14
familiar,14
documentation,14
绩效,14
improvement,14
即可,14
分钟,14
实验室,14
低温,14
读写,14
气压,14
cad,14
强度,14
更改,14
模块,14
食品,14
上班,14
电工,14
松江区,14
拓展,14
pro,14
填写,14
结合,14
手册,14
分拣,14
新工艺,14
批量,14
产线,14
广阔,14
前期,14
工程机械,14
如果,14
performance,14
Provide,14
国内,14
寻找,14
投递,14
论证,14
internal,14
激励,14
分配,14
业绩,14
成本核算,14
中国,14
Bosch,14
精密,13
配件,13
包含,13
带领,13
证书,13
客户服务,13
精密机械,13
工艺技术,13
之间,13
性格开朗,13
up,13
machine,13
达到,13
ensure,13
Responsible,13
problems,13
口语,13
辅助,13
半导体,13
附近,13
推广,13
尤佳,13
年终奖金,13
化工机械,13
遇到,13
事宜,13
外观,13
重大,13
主导,13
资源,13
尺寸,13
based,13
our,13
required,13
Responsibilities,13
部门经理,13
操作规程,13
观念,13
最好,13
签订,13
联系人,13
样件,13
activities,13
预算,13
审查,13
短期,13
工序,13
丰厚,13
systems,13
制图员,13
作为,13
list,13
常规,13
齿轮,13
直接,13
伺服,13
注重,13
市场营销,13
推动,13
全球,13
网络,13
客服,13
气动元件,12
硬件,12
诚信,12
钣金件,12
协同,12
立即,12
机电类,12
热能,12
construction,12
improve,12
documents,12
重点,12
驱动,12
able,12
社保,12
网址,12
组织协调,12
稳定,12
舞台,12
Familiar,12
增加,12
外部,12
实验,12
单独,12
一次,12
梦想,12
standards,12
系统集成,12
一般,12
复杂,12
轴承,12
素养,12
较大,12
管路,12
效率,12
逻辑,12
正直,12
协议,12
structure,12
新能源,12
电池,12
合格,12
QC,12
对接,12
奋斗,12
independently,12
under,12
程序,12
明确,12
Autocad,12
结构件,12
material,12
more,12
market,12
车辆,12
技术规范,11
落实,11
形成,11
导入,11
总装,11
基本工资,11
上岗,11
高中,11
meet,11
safety,11
原因,11
time,11
training,11
FMEA,11
such,11
邮箱,11
管理体系,11
机械系统,11
担任,11
解释,11
高效,11
日本,11
改良,11
效果图,11
零配件,11
遵守,11
闵行区,11
表达,11
技术人员,11
获得,11
热处理,11
Chinese,11
假期,11
发生,11
工业园区,11
Support,11
well,11
底薪,11
Solidwroks,11
external,11
力学,11
注册,11
常见,11
院校,11
考核,11
评价,11
application,11
细化,11
后期,11
配套,11
产品检验,11
设计者,11
逻辑思维,11
品质,11
电气控制,11
集成,11
工程图纸,11
整合,11
设计规范,11
交代,11
条理性,11
核算,11
component,11
国内外,11
assigned,11
项目经理,11
OFFICE,11
阀门,11
介绍,11
幕墙,11
major,11
its,11
充分,11
07,11
致力于,10
认识,10
申报,10
库存,10
检修,10
responsibility,10
components,10
job,10
书写,10
writing,10
涉及,10
路线,10
努力,10
into,10
工程设计,10
职业道德,10
外观设计,10
完整性,10
专线,10
生活,10
帮助,10
28,10
流程图,10
整改,10
后续,10
语言,10
会议,10
发布,10
研制,10
画图,10
把握,10
培养,10
清晰,10
事物,10
公路,10
等等,10
明细表,10
判断,10
standard,10
automation,10
责任意识,10
客户关系,10
Qualifications,10
同事,10
定义,10
法规,10
敏捷,10
应聘者,10
加工件,10
Creo,10
压缩机,10
自主,10
这里,10
Create,10
problem,10
interpersonal,10
书面,10
做五休,10
做到,10
周岁,10
激情,10
达成,10
询价,10
高温,10
electrical,10
500,10
autocad,10
requirement,10
Catia,10
从优,10
配置,10
地铁站,10
宿舍,10
创建,10
法律,10
工程部,10
规格,10
国际贸易,10
SW,10
cn,10
留学,10
分红,10
因为,10
ISO9000,10
using,10
business,10
industry,10
information,10
CAE,10
oral,10
素质,10
data,10
provide,10
reports,10
液路,10
处于,9
出国,9
质量检验,9
降低,9
主流,9
技术培训,9
转换,9
识图,9
粉体,9
50,9
level,9
machining,9
communicate,9
政策,9
擅长,9
strong,9
面议,9
solidwork,9
发动机,9
负责人,9
运作,9
理想,9
全勤奖,9
担当,9
绩效奖金,9
敬业,9
健康,9
整套,9
存档,9
嘉定区,9
电子产品,9
左右,9
食宿,9
一体,9
Description,9
Make,9
least,9
有过,9
成员,9
工作制,9
专机,9
Requirements,9
点检,9
为人正直,9
工科,9
本职工作,9
machines,9
than,9
international,9
竞争,9
量产,9
铸造,9
成长,9
电脑,9
真空,9
空调,9
可能,9
投标,9
初步,9
外形,9
整个,9
进一步,9
make,9
成为,9
期待,9
做出,9
开发新,9
驾照,9
气缸,9
较为,9
交底,9
总经理,9
文字,9
钻研,9
下达,9
下午,9
重要,9
放宽,9
国际,9
不同,9
事业,9
处理工艺,9
control,9
原理图,9
pressure,9
控制系统,9
position,9
concept,9
出具,9
EHS,9
利用,9
新品,9
包装机,9
操作工,9
机电设备,9
接送,9
本科毕业,9
仪器设备,9
文员,9
英语口语,9
建筑,9
生产流程,9
一些,9
接线,9
Prepare,9
global,9
plans,9
tasks,9
仪器仪表,9
熟知,9
特点,9
自动控制,9
营业,9
塑料,9
08,9
German,9
layout,9
流量计,9
electronics,9
逆变器,9
补充,8
不定期,8
面谈,8
船舶,8
耐心,8
攻关,8
办公自动化,8
Engineer,8
反应,8
电脑操作,8
Key,8
industrial,8
plan,8
keep,8
operation,8
which,8
安全性,8
外企,8
speaking,8
另外,8
规章制度,8
技术标准,8
乘坐,8
CAXA,8
展开,8
推进,8
分管,8
变更,8
五金,8
成功,8
潜在,8
相互,8
口头,8
22,8
商务,8
外地,8
兴趣,8
公积金,8
http,8
结构图,8
严格,8
餐补,8
指派,8
打样,8
电力,8
总体设计,8
组建,8
季度,8
输送线,8
生日,8
宝山区,8
one,8
write,8
缺陷,8
field,8
影响,8
auto,8
产品销售,8
业务员,8
顾问,8
part,8
coordination,8
Participate,8
service,8
professional,8
211,8
回路,8
名称,8
实践,8
月薪,8
类似,8
self,8
Proe,8
试产,8
地区,8
领先,8
合适,8
未来,8
入厂,8
西门子,8
勤恳,8
工作站,8
认可,8
Slidworks,8
设计图,8
不锈钢,8
灵活,8
交给,8
食品机械,8
经济,8
战略,8
思考,8
周一,8
午餐,8
德国,8
极佳,8
工时,8
automotive,8
simulation,8
上下,8
考察,8
QA,8
推荐,8
调查,8
spirit,8
have,8
休息,8
项目部,8
架构,8
操作手册,8
出色,8
清洁,8
perform,8
期间,8
五天,8
Assist,8
框架,8
设施,8
定制,8
联系电话,8
储备,8
知识产权,8
机械手,8
防护,8
每天,8
贸易,8
年薪,8
刀具,8
厂家,8
细节,8
为主,8
电器,8
供应链,8
工业区,8
机修工,8
立项,8
services,8
2016,8
Self,8
结算,8
学生,8
Technical,8
每月,8
规程,8
登记,8
数模,8
责任,8
validation,8
Liebherr,8
plumbing,8
步进,7
极强,7
全过程,7
管理制度,7
关注,7
国外,7
量具,7
2.5,7
吃苦,7
数量,7
三维图,7
工作岗位,7
计量,7
excel,7
Works,7
any,7
Able,7
严格执行,7
implement,7
local,7
area,7
relevant,7
认真执行,7
issues,7
plastic,7
拆分,7
好学,7
设计员,7
守信,7
控制工程,7
物理,7
预防措施,7
保管,7
统筹,7
加工性,7
进展,7
编辑,7
特殊,7
厂房,7
开发进度,7
突发事件,7
定型,7
概念,7
叉车,7
标注,7
漕河泾,7
皮带,7
capability,7
colleagues,7
Degree,7
形位,7
聚餐,7
器具,7
检具,7
支援,7
应力,7
Excellent,7
属于,7
位于,7
临床,7
合理安排,7
价值,7
创业,7
谦虚,7
保险,7
压铸,7
限于,7
平面,7
美国,7
总部,7
认证,7
项目前期,7
上海市浦东新区,7
materials,7
review,7
bachelor,7
solving,7
motivated,7
合理化,7
优良,7
内部结构,7
读懂,7
莘庄,7
一家,7
档案,7
手段,7
论文,7
曲面,7
比较,7
响应,7
部品,7
设计标准,7
统一,7
内外,7
创造,7
有意者,7
非金属材料,7
动力学,7
加盟,7
周五,7
状况,7
China,7
molding,7
水泵,7
学位,7
诊断,7
类型,7
例如,7
best,7
practices,7
read,7
准确性,7
基本原理,7
mechanic,7
电控,7
仪表,7
Fluent,7
high,7
建筑工程,7
works,7
some,7
complex,7
He,7
she,7
reading,7
Project,7
谈判,7
八小时,7
Perform,7
成套,7
月度,7
定额,7
专利申请,7
变频器,7
上下班,7
高压,7
先进,7
价值观,7
希望,7
年休假,7
得到,7
策略,7
适当,7
尤其,7
知名,7
病假,7
目的,7
优质,7
国产化,7
访问,7
采购员,7
市场调研,7
依据,7
手机,7
商业,7
坐标,7
55,7
散热,7
you,7
prototype,7
innovative,7
In,7
电工证,7
responsibilities,7
开关柜,7
干部,7
车身,7
APQP,7
sourcing,7
functions,7
analytical,7
STATION,7
价格,7
注塑件,7
管控,7
暑期,7
Ansys,7
同行业,7
18,7
专员,7
产假,7
发车,7
following,7
生物,7
危险,7
遗漏,7
土木工程,6
稳定性,6
工作作风,6
机电产品,6
相当,6
措施,6
排除,6
费用,6
机制,6
Solidwork,6
原有,6
人际沟通,6
社会保险,6
认同,6
经常性,6
搅拌,6
word,6
制药,6
follow,6
during,6
department,6
Understand,6
Basic,6
自身,6
jobs,6
line,6
leader,6
analyze,6
reliability,6
模式,6
TPM,6
foreign,6
tools,6
喜欢,6
下车,6
强业路,6
纠正,6
下发,6
只要,6
ISO9001,6
原则,6
项目组,6
审美,6
公交,6
动力工程,6
配管,6
施工现场,6
施工图,6
成套设备,6
生物制药,6
休假,6
皮带传动,6
工具软件,6
股份,6
持有,6
应急,6
包吃包住,6
开发区,6
请勿,6
平面设计,6
网站,6
optimize,6
minimum,6
would,6
通用,6
依法,6
NX,6
manage,6
ECR,6
At,6
润滑,6
样本,6
预防,6
产生,6
establish,6
case,6
追踪,6
release,6
组件,6
擅于,6
园区,6
到达,6
tool,6
沟通交流,6
务实,6
积累,6
城市,6
金融,6
房补,6
生成,6
正规,6
普通,6
年限,6
解答,6
加工厂,6
国家标准,6
载荷,6
编制工作,6
技术难题,6
appropriate,6
procedures,6
groups,6
maintain,6
being,6
习惯,6
判定,6
SOLIDWORK,6
起草,6
世界,6
目前,6
年轻,6
温馨,6
通知,6
所用,6
激光,6
逻辑性,6
规划设计,6
器件,6
多种,6
敏锐,6
试生产,6
总体方案,6
操守,6
开放,6
汇总,6
决策,6
拟定,6
专用,6
经营,6
功底,6
老客户,6
事业心,6
作出,6
electronic,6
electromechanical,6
modelling,6
like,6
injection,6
效果,6
演示,6
中级,6
do,6
装配线,6
Proficient,6
临时性,6
集体,6
每周,6
装配工,6
衡器,6
出厂,6
竞争对手,6
取得,6
风场,6
使用手册,6
科研,6
深入,6
导向,6
材质,6
做六休,6
sub,6
单位,6
manager,6
法律法规,6
下属,6
全职,6
This,6
specific,6
implementation,6
Master,6
must,6
DV,6
气动液压,6
985,6
3C,6
预防性,6
备品备件,6
ISO13485,6
职业培训,6
平面布置,6
认真仔细,6
普工,6
答复,6
代理人,6
商标,6
更加,6
执行机构,6
WORD,6
乐于,6
如下,6
人品,6
年底,6
理论知识,6
14,6
矿山机械,6
实行,6
公平,6
适时,6
马达,6
Photoshop,6
租房,6
中文,6
Soildworks,6
时序,6
保密,6
91,6
步行,6
行走,6
无人,6
所以,6
竣工,6
营销,6
充足,6
联系方式,6
外语,6
医疗保险,6
技校,6
按量,6
引导,6
ID,6
technologies,6
涵盖,6
bosch,6
please,6
leading,6
offer,6
cross,6
hydraulic,6
及时处理,6
What,6
both,6
processes,6
include,6
evaluation,6
developing,6
planning,6
guidance,6
数学,6
solid,6
电气工程,6
疾病,6
人数,6
EPS,6
TS16949,6
GD,6
听说读写,6
技术改造,6
运转,6
定位,6
出口,6
lead,6
verification,6
奖励,6
discussion,6
气路,6
timely,6
final,6
Education,6
用到,6
participate,6
仓储,6
他人,6
给出,6
婚假,6
changes,6
日化,6
毛刺,6
津贴,6
潜力,6
连线,6
Demonstrate,6
learning,6
installation,6
understanding,6
光伏,6
在校,6
within,6
储能,6
INVENTOR,6
一门,6
2018,6
西班牙语,6
洗车机,6
SOR,6
15000,5
高速,5
构造,5
乐观,5
连接,5
产量,5
顺利进行,5
督促,5
备品,5
减少,5
优秀者,5
入职,5
一致,5
光学,5
系统结构,5
控制器,5
光学仪器,5
其中,5
诚恳,5
dry,5
methods,5
needed,5
Practice,5
inspection,5
basic,5
Take,5
own,5
地方,5
regulations,5
people,5
document,5
SOP,5
Main,5
停机,5
随时,5
WCM,5
different,5
key,5
居住地,5
trouble,5
willing,5
顾客,5
有所,5
成型,5
英语六级,5
作品,5
筛选,5
设定,5
压力容器,5
车床,5
绘画,5
关键点,5
审批,5
规范性,5
展示,5
引进,5
办理,5
..,5
长宁区,5
保障,5
脱硫,5
ASME,5
卡片,5
制造业,5
天线,5
性别,5
税前,5
开发计划,5
事务,5
概要,5
可行,5
工作效率,5
事情,5
有条理,5
态度端正,5
团结,5
布线,5
基于,5
立体,5
构思,5
center,5
suppliers,5
Required,5
advantage,5
PowerPoint,5
spoken,5
short,5
机箱,5
详图,5
氛围,5
弹性,5
ECN,5
cooperation,5
Minimum,5
分类管理,5
会签,5
人际关系,5
工场,5
report,5
result,5
Analyze,5
Manage,5
版本,5
sense,5
要素,5
代理商,5
客户资源,5
策划,5
已有,5
commissioning,5
More,5
普通话,5
开模,5
不仅,5
工龄,5
传统,5
饮料,5
灌装,5
运维,5
Outlook,5
加强,5
专业技能,5
理工类,5
交予,5
做过,5
标准规范,5
资深,5
用于,5
校核,5
execution,5
testing,5
detail,5
when,5
multi,5
cultural,5
teams,5
Willing,5
travel,5
修订,5
客户端,5
启动,5
录取,5
文书,5
科技,5
核心技术,5
追求,5
共创,5
号楼,5
质量关,5
急需,5
前提,5
文明,5
发货,5
渲染,5
Solidedge,5
PDM,5
坚持,5
一天,5
不是,5
这样,5
路上,5
草图,5
洞察力,5
性能指标,5
装配车间,5
在线,5
工位,5
意图,5
交期,5
会议记录,5
决议,5
综合性,5
发展趋势,5
充满,5
优秀人才,5
上班时间,5
职业生涯,5
无障碍,5
驾驶证,5
管件,5
plants,5
Germany,5
necessary,5
engineers,5
Management,5
designs,5
大厦,5
精度,5
数控机床,5
概念设计,5
总体,5
forces,5
selection,5
紧密,5
内外部,5
更好,5
不合格品,5
操作电脑,5
千分尺,5
检测工具,5
促进,5
交际,5
C语言,5
交货期,5
对本,5
难点,5
开朗,5
环节,5
特种,5
catia,5
听说,5
检查和,5
按规定,5
把关,5
治具,5
设置,5
业务部,5
直接参与,5
表等,5
规格书,5
上司,5
搜集,5
成果,5
表现,5
迅速,5
assignments,5
duties,5
RESPONSIBILITIES,5
PM,5
about,5
issue,5
组合,5
书写能力,5
inventor,5
成绩,5
切削,5
上午,5
preparation,5
铝型材,5
小组,5
机修,5
数据分析,5
CET4,5
质量方针,5
PFMEA,5
高质量,5
实际操作,5
无效,5
为了,5
谢谢,5
Tasks,5
展会,5
操作能力,5
端正,5
PS,5
科学,5
16,5
120,5
整车,5
意愿,5
进出口,5
应收,5
塔吊,5
单机,5
中秋,5
礼品,5
可靠,5
想法,5
专用设备,5
思路清晰,5
一份,5
GMP,5
预估,5
压延,5
石油,5
钻机,5
码垛,5
产品线,5
适应能力,5
宣传,5
图面,5
采购部,5
应用软件,5
诚聘,5
专家,5
申请人,5
应变能力,5
大家庭,5
成就,5
代理,5
退休,5
调薪,5
小姐,5
野马,5
江苏,5
慰问,5
学校,5
技改,5
主动性,5
风电,5
市场动态,5
接单,5
稿件,5
务必,5
日企,5
net,5
china,5
CNC,5
预研,5
energy,5
life,5
across,5
力士乐,5
进入,5
基地,5
000,5
互联,5
打造,5
learn,5
Technology,5
connected,5
through,5
present,5
contact,5
long,5
term,5
machinery,5
similar,5
open,5
肯干,5
通用机械,5
opportunities,5
Assembly,5
后道,5
印刷,5
商科,5
文学,5
会计,5
政治,5
本科生,5
不接,5
流体力学,5
技术主管,5
焊工,5
平均,5
提示,5
云铸,5
玩具,5
成绩优秀,5
江浙沪,5
正式,5
之一,5
ISO,5
转向,5
思路,5
AND,5
Electrical,5
chain,5
equivalent,5
task,5
万元,5
减速机,5
出版物,5
自学能力,5
试运行,5
家具,5
付款,5
仔细,5
注意,5
solve,5
C1,5
acceptance,5
role,5
Qualification,5
Competence,5
对系统,5
保质保量,5
销售部,5
shooting,5
meeting,5
分类,5
心态,5
可升,5
人事,5
行政,5
DFMEA,5
FEA,5
模块化,5
汽配,5
机加,5
丝杠,5
线路,5
空气压缩机,5
回复,5
中技,5
instrument,5
integration,5
form,5
organization,5
给排水,5
职称,5
预装,5
比赛,5
his,5
最新,5
振动,5
vacuum,5
COSMOS,5
piping,5
PG,5
general,5
members,5
motivation,5
修理,5
coordinate,5
MES,5
PV,5
正确性,5
discussions,5
CMP,5
恒温器,5
机器设备,4
电动工具,4
伺服电机,4
直线,4
采取,4
采购计划,4
行业动态,4
共同完成,4
新人,4
成像,4
称重,4
functional,4
delivery,4
tests,4
pneumatic,4
Safety,4
initiative,4
plant,4
Develop,4
preventive,4
机械故障,4
failures,4
supervisor,4
节约,4
旨在,4
失效,4
Equipment,4
opportunity,4
消耗,4
平衡,4
critical,4
hands,4
resolve,4
request,4
挤出,4
understand,4
家庭,4
距离,4
平面图,4
履行,4
相近,4
乘车,4
松重线,4
高家村,4
转弯,4
常用软件,4
亲和力,4
提醒,4
id,4
不限,4
生日礼品,4
5000,4
严格控制,4
铣床,4
时间表,4
组内,4
隐患,4
上报,4
同等,4
理工,4
除尘器,4
废气,4
焊点,4
生物工程,4
工作进度,4
首件,4
性质,4
电子设备,4
400,4
联络,4
交通费,4
1.5,4
另有,4
托盘,4
批量生产,4
各方,4
决定,4
协同工作,4
网带,4
工程力学,4
发展前景,4
全套,4
items,4
existing,4
complete,4
PPAP,4
Communication,4
College,4
Manufacturing,4
proficient,4
may,4
机柜,4
粗糙度,4
专业培训,4
软件应用,4
中午,4
colleague,4
proposal,4
Skills,4
报告书,4
输送机,4
methodology,4
schedule,4
测试计划,4
测试报告,4
案例,4
presentation,4
干化,4
技术开发,4
成品,4
诚招,4
command,4
测试数据,4
ANSYS,4
形象,4
回收,4
100,4
购房,4
50%,4
人际交往,4
物资,4
调休,4
传送带,4
提升机,4
风机,4
附属,4
中央,4
尽可能,4
试用期,4
职后,4
业务流程,4
初试,4
评定,4
市场部,4
备注,4
公司地址,4
储罐,4
指示,4
污水处理,4
空压机,4
编码,4
扩大,4
effectively,4
owner,4
specification,4
resources,4
practice,4
their,4
organizational,4
decisions,4
effective,4
合约,4
常识,4
整台,4
基数,4
原件,4
胜任,4
最优,4
原型机,4
安规,4
归集,4
存入,4
追溯,4
分析判断,4
检讨,4
健身,4
异地,4
来访,4
工作者,4
员工福利,4
付出,4
导轨,4
可行性研究,4
高强度,4
夹治具,4
表单,4
产能,4
操作方法,4
对象,4
各位,4
副总经理,4
基层,4
召开,4
形式,4
获取,4
询盘,4
一款,4
声学,4
电动,4
核对,4
试验设备,4
稳重,4
心理,4
proe,4
日资,4
接头,4
局部,4
if,4
mechatronic,4
transfer,4
PCB,4
Designing,4
General,4
countries,4
企划,4
统招,4
食品饮料,4
SAP,4
互联网,4
实施方案,4
铆接,4
固定,4
同等学历,4
起重,4
动画,4
体外,4
接口,4
can,4
calculations,4
strength,4
角度,4
closely,4
Can,4
拆图,4
绩效考核,4
干涉,4
顺利,4
当天,4
复核,4
8D,4
传达,4
图及,4
化学,4
拆解,4
一线,4
技术参数,4
上市,4
通风,4
暖通,4
资格证书,4
塑料件,4
checking,4
companies,4
Ms,4
Check,4
fields,4
positive,4
challenging,4
常驻,4
任何,4
全自动,4
分解,4
产业,4
除了,4
部长,4
考评,4
电路设计,4
敢于,4
工作日,4
8000,4
三个,4
期权,4
顺畅,4
JOB,4
objectives,4
DUTIES,4
RD,4
solution,4
college,4
SKILLS,4
proficiency,4
PP,4
5S,4
应对,4
理解能力,4
一经,4
staff,4
Produce,4
ideally,4
linear,4
电子行业,4
方针,4
大修,4
处置,4
统计分析,4
新建,4
编排,4
性格,4
VI,4
开关,4
恰当,4
提前,4
人际,4
好学上进,4
讲解,4
位置,4
科研人员,4
外国,4
塑胶模具,4
搬运,4
消防车,4
积极向上,4
不良嗜好,4
4500,4
长时间,4
质量体系,4
工控,4
一切,4
成立,4
80,4
有志之士,4
底盘,4
购买,4
判断能力,4
春节,4
端午,4
进取,4
有着,4
智慧,4
高校,4
效率高,4
公正,4
食堂,4
极具,4
感受,4
资历,4
上下游,4
主持,4
通道,4
装箱,4
受力,4
精密仪器,4
加班费,4
WORKS,4
金属加工,4
手绘,4
模架,4
住房补贴,4
辅导,4
就业,4
趋势,4
写作能力,4
幸福,4
同一个,4
文体活动,4
负有,4
早上,4
传真,4
佘山,4
公交车,4
非标准,4
规范化,4
广大,4
利益,4
树脂,4
维保,4
鉴定,4
博士,4
面向,4
品牌,4
以便,4
面对,4
上网,4
作者,4
最低,4
为佳,4
速度,4
兼职,4
北站,4
疑难问题,4
材料力学,4
体会,4
年会,4
PLM,4
巡检,4
华东,4
依照,4
小型,4
传动系统,4
试装,4
一致性,4
洽谈,4
your,4
building,4
know,4
change,4
acc,4
Coordination,4
samples,4
applications,4
控制技术,4
遍及,4
29,4
boschrexroth,4
Rexroth,4
offers,4
electric,4
With,4
associates,4
generated,4
Group,4
According,4
four,4
expertise,4
basis,4
future,4
growth,4
research,4
goals,4
Initiate,4
demands,4
事业部,4
relationships,4
学士学位,4
Have,4
propose,4
驾驶,4
图出,4
燃料电池,4
For,4
断路器,4
need,4
this,4
siemens,4
后方,4
response,4
Lead,4
prototypes,4
Test,4
concepts,4
GB,4
supervision,4
勤奋好学,4
条理清晰,4
各个,4
人力资源,4
业务管理,4
人力,4
MBA,4
将会,4
贤士,4
高薪,4
混合,4
著名,4
获奖,4
涂布,4
全国,4
商业保险,4
手板,4
创意,4
拜访,4
浙江,4
2019,4
大专生,4
成绩优良,4
高者,4
五官端正,4
传染病,4
增长,4
Manager,4
timing,4
focus,4
列表,4
课程,4
welding,4
齐全,4
拿到,4
闵行,4
传动件,4
加以,4
质量检查,4
commodity,4
base,4
drivers,4
Supply,4
Chain,4
vendor,4
levels,4
verbal,4
large,4
Must,4
10000,4
深刻,4
帕普生,4
分离,4
总公司,4
数据处理,4
转移,4
DFM,4
熟练者,4
入库,4
英文简历,4
报表,4
操作技能,4
施耐德,4
转正,4
definition,4
assist,4
Open,4
calculation,4
via,4
Actively,4
积极进取,4
悟性,4
工商,4
side,4
interface,4
周期,4
进度表,4
Focus,4
meetings,4
between,4
集成化,4
汽车空调,4
structures,4
avoid,4
Maintenance,4
spare,4
repair,4
工业炉,4
监控,4
办公设备,4
停车,4
回访,4
投影仪,4
基本知识,4
Product,4
phase,4
majored,4
限制,4
qq,4
thermal,4
direction,4
device,4
打孔,4
有恒心,4
整线,4
市区,4
技术类,4
团体,4
金山区,4
总工程师,4
应变,4
国标,4
思维能力,4
核心,4
外出,4
环境工程,4
嘉定,4
建档,4
归纳,4
package,4
designer,4
缝纫机,4
识别,4
AutoCad,4
fabrication,4
out,4
same,4
mechanics,4
manufacturability,4
quick,4
酒店,4
departments,4
together,4
内件,4
guidelines,4
Service,4
Report,4
Position,4
Competencies,4
布置图,4
订货,4
化学工程,4
EXCEL,4
指定,4
注塑模,4
MISUMI,4
SMC,4
支架,4
技术创新,4
冲床,4
视觉,4
group,4
港口机械,4
设计变更,4
aerzen,4
锂电池,4
模组,4
modeling,4
procurement,4
spec,4
charge,4
皮埃尔,4
葛安,4
isometrics,4
candidate,4
Other,4
not,4
示意图,4
厂商,4
对策,4
set,4
continuous,4
联线,4
CREO,4
次元,4
clients,4
IDs,4
sequences,4
moderately,4
RFI,4
观察,4
layouts,4
PLP,4
焊装,4
子系统,4
教学,4
按计划,4
彩虹,4
sewing,4
mechanisms,4
次要,4
一本,3
紧固,3
适合,3
创造性,3
职业规划,3
2.1,3
一系列,3
完好,3
投资,3
申购,3
报废,3
定期维护,3
始终,3
重型机械,3
重工,3
化机,3
激光雷达,3
机电工程,3
制药机械,3
powerpoint,3
爱岗敬业,3
遵纪守法,3
date,3
quotation,3
activity,3
parameters,3
sensors,3
packaging,3
French,3
player,3
properly,3
routine,3
train,3
technician,3
saving,3
target,3
operating,3
reduce,3
balance,3
stock,3
costs,3
behavior,3
PMS,3
mechatronics,3
education,3
LEAN,3
adequate,3
oversea,3
24,3
type,3
reasonable,3
location,3
爱好,3
严格遵守,3
异议,3
自觉,3
出站,3
明业路,3
华迪,3
液氮,3
储存,3
积极态度,3
登陆,3
系列,3
竞品,3
排布,3
分选,3
足够,3
满意,3
真实,3
钻床,3
纪律性,3
及时发现,3
SPC,3
指南,3
临近,3
23,3
出货,3
领悟,3
进程,3
科系,3
西路,3
福利制度,3
住房,3
内训,3
外训,3
娱乐活动,3
节庆,3
干法,3
半干法,3
仓体,3
PID,3
轴测,3
GB150,3
工作进展,3
之后,3
本社,3
实报实销,3
链条,3
以上者,3
衔接,3
剧院,3
专业英语,3
流畅,3
推行,3
全方位,3
知识面,3
链板,3
柔性,3
SOLIDWOKS,3
32,3
介意,3
本厂,3
coreldraw,3
录入,3
电机学,3
奉贤区,3
独立思考,3
Review,3
how,3
achieve,3
it,3
Communicate,3
preferably,3
Machinery,3
Machining,3
IATF16949,3
Application,3
Language,3
喷涂,3
科技园,3
活跃,3
礼金,3
SOILDWORKS,3
汇集,3
锦富路,3
65,3
中介,3
Team,3
knowing,3
Dimension,3
multiple,3
基本功,3
文件组织,3
存位,3
计算机操作,3
忠诚,3
油机,3
Swisslog,3
测试方法,3
Verify,3
feasibility,3
releases,3
Sense,3
江湾,3
南路,3
一级,3
非常,3
本地,3
Assemble,3
actively,3
combined,3
Several,3
Information,3
Besides,3
language,3
主任,3
气质佳,3
立足,3
26,3
平常,3
可换,3
分发,3
借助,3
工程验收,3
安全意识,3
卓越,3
针对性,3
写明,3
干净,3
整洁,3
特殊要求,3
采用,3
复试,3
浦东,3
金桥,3
新风,3
业主,3
土建,3
重量,3
固废,3
就是,3
人生,3
1.3,3
running,3
meets,3
build,3
sealing,3
Layout,3
resolving,3
value,3
added,3
contractor,3
followed,3
used,3
domestic,3
型号,3
难题,3
进取精神,3
大型项目,3
品德,3
功能性,3
食品设备,3
成熟,3
有意,3
印度,3
等国,3
舒适,3
会路,3
399,3
工作台,3
认知,3
承认,3
器械,3
注明,3
个人简历,3
mail,3
来电,3
货架,3
完全,3
不论,3
现在,3
双手,3
体验,3
薪水,3
作息时间,3
午休,3
但是,3
知道,3
无限,3
驱动力,3
出来,3
会同,3
专注,3
做起,3
比如,3
居住,3
工种,3
化妆品,3
日常事务,3
办公会议,3
文稿,3
研讨会,3
营运,3
10K,3
投产,3
需方,3
会用,3
Autodesk,3
当年,3
鼓励,3
要求者,3
特长,3
PE,3
enhance,3
Creating,3
preparing,3
verifying,3
strategies,3
Professional,3
Profound,3
Know,3
How,3
stamping,3
casting,3
PC,3
Is,3
competence,3
Asian,3
Sales,3
OEM,3
韩语,3
1500,3
开阔,3
外派,3
3d,3
降本,3
行动,3
生命周期,3
顶层,3
商务英语,3
坦诚,3
2.2,3
2.3,3
批准,3
Understanding,3
powertrain,3
battery,3
various,3
扭矩,3
每个,3
special,3
use,3
ABB,3
KUKA,3
额外,3
一至,3
周六,3
机械配件,3
磨床,3
中试,3
自律,3
验货,3
信息反馈,3
原始,3
投诉,3
工业品,3
机架,3
采集,3
指导性,3
电气专业,3
creo,3
充满热情,3
勇于创新,3
游乐,3
车载,3
显示,3
压铸件,3
图档,3
深化,3
排版,3
air,3
modification,3
contractors,3
relative,3
stable,3
总结报告,3
列出,3
来料,3
半成品,3
涂布机,3
股权,3
清楚,3
大师,3
调控,3
节奏,3
马桶盖,3
创业精神,3
小伙伴,3
一周,3
报酬,3
自由,3
证明,3
股票,3
通用性,3
方便,3
Junior,3
supporting,3
senior,3
smaller,3
instructions,3
clear,3
could,3
disciplines,3
simple,3
Quality,3
view,3
year,3
安海,3
测试项目,3
日期,3
DIY,3
链式,3
时能,3
抓斗,3
装卸,3
微软,3
承受能力,3
感兴趣,3
发送,3
工人,3
设计部门,3
市场行情,3
有志,3
青年,3
大纲,3
details,3
bills,3
Liaise,3
draft,3
Ensure,3
Undertake,3
inspections,3
线性,3
computer,3
政府,3
介入,3
微创,3
路径,3
查阅,3
施工单位,3
废料,3
积极参与,3
模拟器,3
出入库,3
人机交互,3
试样,3
刻苦,3
交接,3
固定资产,3
检索,3
软硬件,3
复审,3
侵权,3
和谐,3
突出,3
展现,3
执业,3
期望,3
双方,3
Major,3
汽车配件,3
位移,3
光电,3
正派,3
整体利益,3
注意事项,3
电气系统,3
十分,3
投入,3
场地,3
工业园,3
大学城,3
现代化,3
不断完善,3
懂得,3
二氧化碳,3
南汇,3
398,3
装调,3
300,3
宝山,3
ssi,3
physics,3
HR,3
认真细致,3
热流,3
自我管理,3
咨询服务,3
液压件,3
图片,3
5500,3
明细,3
联网,3
避免,3
优秀员工,3
狼性,3
关于,3
余人,3
东路,3
靠近,3
74,3
吸尘,3
专用汽车,3
发掘,3
愿望,3
优点,3
性格外向,3
挖掘机,3
破碎,3
理性,3
新兴,3
无所谓,3
户籍,3
配备,3
礼物,3
乒乓球,3
贡献,3
一位,3
施展才华,3
一群,3
实用性,3
因素,3
交待,3
上海通用,3
泛亚,3
摩托车,3
步骤,3
精益,3
最少,3
一项,3
优势,3
个人成长,3
通过培训,3
经验丰富,3
技术性,3
机台,3
六年,3
处理过程,3
SOLID,3
电子元件,3
温控,3
电器元件,3
Acad,3
PDF,3
并出,3
Corel,3
DRAW,3
3DMAX,3
发送至,3
监督管理,3
青浦区,3
这个,3
排名,3
27,3
英才,3
天道,3
愉悦,3
更大,3
案件,3
督查,3
起到,3
降低成本,3
义务,3
大小,3
若有,3
原则上,3
每位,3
陶干路,3
松青线,3
陈线,3
政法学院,3
沿泗,3
往东,3
盛业,3
看到,3
右转,3
固好,3
创办,3
2004,3
高新技术,3
CE,3
生产成本,3
收缩机,3
意大利,3
多年,3
更是,3
大量,3
吸纳,3
销售价格,3
节能,3
因此,3
坚信,3
erp,3
富联,3
二路,3
富联路,3
安装者,3
污水,3
机电部,3
岗位培训,3
人货,3
拆装,3
存储,3
发电机,3
变桨,3
平时,3
强者,3
autoCAD,3
文案,3
超过,3
型材,3
苏州,3
蒸发器,3
废水处理,3
高水平,3
日文,3
语种,3
姓名,3
EMAIL,3
工作室,3
海路,3
世德,3
800,3
高铁,3
差异,3
艺术,3
美学,3
附上,3
大道,3
求人,3
86,3
堆叠,3
五金工具,3
小家电,3
汽保,3
在读,3
优异,3
阳路,3
操机,3
所属,3
MRO,3
定时,3
角色,3
外发,3
电气设备,3
总工,3
soliderworks,3
Company,3
want,3
ideas,3
areas,3
mobility,3
us,3
globe,3
Build,3
innovation,3
national,3
Overall,3
Skilled,3
metal,3
Additional,3
精准,3
高性价比,3
销售额,3
欧元,3
北京,3
390,3
31,3
遍布,3
60,3
450,3
分公司,3
伙伴,3
几乎,3
59,3
press,3
safe,3
drive,3
size,3
Applications,3
Factory,3
Automation,3
hydraulics,3
gear,3
motion,3
source,3
locations,3
over,3
billion,3
euros,3
visit,3
It,3
employs,3
roughly,3
worldwide,3
preliminary,3
operations,3
Industrial,3
Energy,3
As,3
IoT,3
smart,3
strategic,3
create,3
partners,3
network,3
available,3
Description1,3
Generate,3
electro,3
presentations,3
倡导,3
agricultural,3
农业机械,3
teamwork,3
以内,3
服从安排,3
对照,3
电源,3
小批量,3
产品成本,3
游标卡尺,3
自检,3
每日,3
可视化,3
we,3
my,3
绝缘材料,3
qualify,3
NXUG,3
Simulation,3
基本操作,3
career,3
careers,3
登录,3
talents,3
applied,3
专属,3
efforts,3
includes,3
profile,3
action,3
coordinating,3
processing,3
non,3
Material,3
science,3
IEC,3
function,3
minimal,3
Possess,3
模切机,3
特制,3
各个领域,3
计算机科学,3
信息系统,3
电子商务,3
治理,3
留学生,3
工商管理,3
国贸,3
要是,3
PYTHON,3
EVIEWS,3
SPSS,3
STATA,3
MATLAB,3
着重,3
培养人才,3
为什么,3
单接,3
截稿,3
日之日,3
作家,3
撰稿人,3
写手,3
授课,3
机械化,3
工程技术,3
倒班,3
确立,3
有阀门,3
软件产品,3
支付,3
欢迎您,3
周边,3
朝气蓬勃,3
全部,3
图样,3
审美观,3
求知欲,3
适应力,3
同仁,3
有无,3
初级,3
BB机,3
百仕达,3
泗泾镇,3
民用建筑,3
房屋建筑,3
安全工程,3
造价,3
家电,3
库卡,3
子公司,3
真正,3
建造,3
overall,3
sure,3
MOM,3
Mainly,3
take,3
positions,3
small,3
DED,3
collect,3
遵循,3
点焊,3
钎焊,3
DVP,3
同步带,3
链轮,3
por,3
直至,3
各个环节,3
毕业证书,3
家住,3
competitive,3
commodities,3
Sourcing,3
recommendations,3
findings,3
quotations,3
define,3
Establish,3
KPI,3
order,3
accuracy,3
supply,3
changing,3
purchasing,3
possess,3
employees,3
starter,3
handle,3
灵活运用,3
丝杆,3
使命,3
激发,3
创造力,3
成就感,3
图解,3
知识者,3
折弯,3
德语,3
能用,3
电子电工,3
开发技术,3
有志于,3
黄渡,3
EMC,3
编号,3
查询,3
前应,3
交货,3
无此,3
身份证,3
中等,3
补焊,3
产值,3
PMC,3
市场竞争,3
看图,3
校园,3
精心,3
职场,3
同学,3
校招,3
探索,3
model,3
属性,3
Electromechanical,3
minded,3
very,3
Mission,3
performances,3
marketing,3
conception,3
physical,3
Cost,3
suggestions,3
Conduct,3
regular,3
tracking,3
Mechanism,3
interference,3
stress,3
deformation,3
REQUIREMENTS,3
potential,3
Adams,3
气体,3
车墩,3
动力装置,3
四金,3
硬性,3
内衬,3
measuring,3
表及,3
Providing,3
diagram,3
Confirm,3
困难,3
Control,3
progress,3
feedback,3
until,3
Cooperate,3
share,3
例会,3
personal,3
Background,3
experiences,3
Keep,3
Proactive,3
Better,3
way,3
Apply,3
精确,3
程序设计,3
专利技术,3
主修,3
conduct,3
supervising,3
status,3
Supervisor,3
注塑机,3
燃烧器,3
燃烧,3
dydtec,3
人机,3
见解,3
威亚,3
索具,3
控台,3
排查,3
操控,3
调压,3
汇编,3
勇于,3
答疑,3
陈先生,3
最高,3
勿扰,3
没有,3
历史,3
立标,3
广告,3
200,3
几何,3
形状,3
半年,3
硬度计,3
Adobe,3
Illustrator,3
CS5,3
end,3
needs,3
detailed,3
performing,3
chemical,3
lab,3
adhesive,3
providing,3
generate,3
worker,3
生产方式,3
兄弟,3
变化,3
电缸,3
凸轮,3
分度,3
专项,3
绍兴,3
丧假,3
执行器,3
FEM,3
Evaluates,3
implements,3
Ensures,3
files,3
在校生,3
graduate,3
DFA,3
优选,3
Preferred,3
exciting,3
completion,3
焊接设备,3
冶金,3
principle,3
independent,3
salary,3
所在,3
突出者,3
均等,3
毅力,3
一直,3
新鲜,3
到来,3
辖区,3
俄语,3
需能,3
直达,3
沈杜,3
跨部门,3
机械油,3
14K,3
hr05,3
hr,3
另算,3
0755,3
生命科学,3
指令,3
整齐,3
全员,3
营养,3
接触,3
全体,3
连续,3
期限,3
荣乐路,3
辰塔路,3
denair,3
日志,3
实践经验,3
江苏省,3
中长期,3
纺织机械,3
跟单,3
管理部,3
美标,3
solidedge,3
强大,3
经编机,3
携带,3
带薪休假,3
证者,3
签约,3
挖掘,3
最大,3
极大,3
伴随,3
带来,3
better,3
theory,3
he,3
强及,3
制造者,3
使得,3
心理素质,3
技术水平,3
first,3
hardware,3
environmental,3
Assists,3
proper,3
discipline,3
successful,3
flexibility,3
corporate,3
家用,3
输送带,3
贺金,3
AGV,3
中餐,3
models,3
others,3
Supporting,3
tolerance,3
本体,3
塔式起重,3
调配,3
IVD,3
液晶,3
研修,3
微电子,3
purchase,3
car,3
facilities,3
KIENER,3
industries,3
主观,3
能动性,3
研发部,3
可能性,3
数据库,3
深度,3
锻造,3
repairs,3
per,3
Advise,3
durability,3
Mining,3
Attend,3
Specific,3
failure,3
budget,3
车间主任,3
轮岗,3
海洋工程,3
Microsoft,3
本科专业,3
消防,3
跨国企业,3
请示,3
催收,3
款项,3
保持良好,3
线束,3
网络平台,3
劳动合同,3
88,3
南站,3
铁路,3
卫站,3
分析仪器,3
中及,3
3Dmax,3
FESTO,3
客人,3
外加,3
粮食,3
一部分,3
基本保障,3
天花板,3
表演,3
与否,3
取决于,3
期盼,3
不想,3
混日子,3
优秀青年,3
交流会,3
建设性,3
机械装备,3
搭建,3
新型,3
help,3
easy,3
勘察,3
ppt,3
前后,3
原料,3
放料,3
排序,3
领导力,3
股东,3
诊断系统,3
reviews,3
Taking,3
managing,3
individual,3
schedules,3
半导体技术,3
分销商,3
机车,3
正面,3
操作证,3
昆山,3
bom,3
传递,3
颛桥,3
徐汇区,3
pack,3
控制柜,3
集装箱,3
差异化,3
扫描,3
振荡,3
培养箱,3
重复,3
ME,3
加热,3
co,3
polyvalent,3
Operations,3
update,3
France,3
also,3
but,3
should,3
University,3
MECHANICAL,3
DESKTOP,3
fluid,3
Site,3
after,3
Environmental,3
Chemical,3
water,3
DIN,3
ANSI,3
mind,3
attitude,3
PLANT,3
Navisworks,3
PVC,3
PVDF,3
澄清,3
起动机,3
designers,3
招募,3
personality,3
desire,3
leadership,3
科里,3
奥利,3
构件,3
招标,3
螺杆,3
outsourced,3
labs,3
day,3
文字编辑,3
功能设计,3
yishengkj,3
孰悉,3
launched,3
third,3
party,3
risk,3
ownership,3
预期,3
联合,3
金属件,3
轧机,3
减小,3
危害,3
面对面,3
Summary,3
Skill,3
andritz,3
creation,3
stack,3
prepare,3
PR,3
RFC,3
Communicates,3
coordinates,3
变量,3
多项,3
managers,3
杂志,3
II,3
不断改进,3
建材机械,3
complexity,3
interests,3
has,3
Revit,3
Demonstrated,3
MEP,3
候选人,3
顺序,3
射线,3
负责管理,3
机组,3
内需,3
外采,3
移动机器人,3
康复,3
反映,3
tender,3
input,3
bidding,3
compose,3
国际标准,3
flowcharts,3
module,3
输调,3
Microstation,3
输入,3
调用,3
焊枪,3
相关联,3
图号,3
龙门,3
隧道,3
值守,3
洗车,3
计划书,3
铜排,3
2K,3
4K,3
偏差,3
TR,3
vehicle,3
exchange,3
CROE,3
台架,3
个性,3
必备,3
塑料模具,3
生育,3
招生,3
新型材料,3
四家,3
强日企,3
六名,3
分别,3
预先,3
4.5,3
designed,3
打磨,3
部署,3
就近,3
要领,3
职称者,3
上汽,3
LED,3
6000,2
各式,2
四轴,2
Scara,2
六轴,2
精确定位,2
多轴,2
联动,2
温度控制,2
锚栓,2
膨胀螺栓,2
肯吃苦,2
思维习惯,2
生活态度,2
能效,2
建立健全,2
档案管理,2
调拨,2
封存,2
启封,2
出售,2
受控,2
萌芽,2
催促,2
领用,2
故障率,2
氯乙烯,2
人格,2
造机,2
优现,2
工程质量,2
资格证,2
告知,2
谨慎,2
积极开展,2
灵敏,2
干燥设备,2
浓缩,2
提取,2
换算,2
Under,2
coordinator,2
guarantees,2
catalogue,2
manufactured,2
Request,2
steps,2
Applies,2
Michelin,2
contributes,2
dossier,2
instruction,2
actuators,2
replacement,2
合理要求,2
超越,2
Fully,2
comply,2
arrangement,2
exceed,2
KPIs,2
Strict,2
policies,2
permits,2
manner,2
standardize,2
conditions,2
予以,2
troubleshooting,2
given,2
lift,2
Continuous,2
saving7,2
description,2
Continue,2
reactive,2
preventative,2
down,2
Spare,2
consumption,2
monitoring,2
inventory,2
Focused,2
Improvement,2
管理系统,2
Involve,2
activities.6,2
Drive,2
sustainability,2
吹塑,2
chelor,2
th,2
skilled,2
挤塑,2
miliar,2
ect,2
derstand,2
points,2
equate,2
behaviors,2
待命,2
emergency,2
shootings,2
24h,2
standby,2
distance,2
home,2
可刚,2
solidworkers,2
虚心,2
重固,2
往回,2
走到,2
赵港,2
往前走,2
磁学,2
金及,2
实体,2
并发,2
送到,2
zxh,2
意途,2
官方网站,2
培训教材,2
地弹簧,2
闭门器,2
S0lidW0rKS,2
函数,2
试用,2
会识,2
1.1,2
涡轮,2
寿命,2
飞行器,2
有利,2
高质,2
DOE,2
34,2
松卫,2
物价水平,2
便捷,2
毗邻,2
新城区,2
居住证,2
配置图,2
不限技,2
据付,2
大卒,2
程装,2
中途,2
泵浦,2
试车,2
原厂,2
磋商,2
...,2
延安,2
三节,2
在职训练,2
受训,2
尾牙,2
taikkiso,2
tw,2
垃圾焚烧,2
督办,2
烟气,2
罐子,2
方位,2
承重,2
Plant3D,2
BPE,2
团建,2
某日,2
通信,2
规模,2
项目名称,2
名非,2
限定,2
12000,2
支给,2
如滑,2
功能模块,2
胶件,2
自产,2
深孔,2
纪王镇,2
联友路,2
669,2
宁远,2
对待,2
走向,2
技术细节,2
落地,2
开花结果,2
广泛,2
三维动画,2
不懈努力,2
高新,2
心强,2
测试台,2
电堆,2
改装,2
莘砖,2
258,2
504,2
浙江省,2
嘉兴市,2
嘉善县,2
姚庄镇,2
德威,2
61,2
暂时,2
嘉善,2
电焊机,2
OLIDWORKS,2
高等数学,2
互换性,2
原机,2
焊机,2
村镇,2
钱桥,2
117,2
welldo,2
weld,2
consider,2
Use,2
SolidCAM,2
BAP,2
Conscientious,2
Precision,2
programming,2
equipements,2
Computer,2
literate,2
prefer,2
Effectively,2
bilingual,2
Traveling,2
notice,2
启迪,2
中山,2
年轻化,2
轻松,2
老板,2
nice,2
扁平化,2
健全,2
下午茶,2
水果,2
零食,2
轮换,2
具体实施,2
退货,2
修复,2
杨行,2
共祥路,2
交界处,2
收费,2
Ally,2
Senior,2
HQ,2
gearbox,2
production2,2
section,2
Center,2
software3,2
field2,2
preferred3,2
departments4,2
Level,2
稀油,2
循环系统,2
开始,2
日历,2
粉碎机,2
切屑,2
测试环境,2
Set,2
Individually,2
run,2
Track,2
defects,2
cooperate,2
developers,2
evaluate,2
test2,2
communications,2
influencing,2
改正,2
功能测试,2
焚烧,2
冷凝,2
杨浦区,2
发路,2
长江,2
上海地区,2
易上,2
飞速发展,2
大有,2
报名,2
高额,2
川沙,2
便利,2
增进,2
加深了解,2
太仓,2
Assignment,2
Installation,2
kind,2
Finish,2
temporary,2
managerYour,2
Associate,2
holder,2
数年,2
国际性,2
basics,2
Cpackage,2
mother,2
tongue,2
Mandarin,2
超声,2
吻合器,2
口才,2
货款,2
时代,2
科技型,2
从无到有,2
不动产,2
成家立业,2
15%,2
22%,2
周边城市,2
老家,2
三线,2
房产,2
军队,2
服役,2
扎根,2
房地产,2
头脑灵活,2
维系,2
一同,2
权益,2
另行,2
过节费,2
茶话会,2
户外,2
为员,2
新进人员,2
一对一,2
有事,2
shloxo,2
招贤,2
1181,2
余伟,2
合作伙伴,2
RFQ,2
制罐,2
词典,2
无尘室,2
排气,2
冷却水,2
清扫,2
增强,2
系统维护,2
2.8,2
才能,2
相貌,2
繁忙,2
有时,2
大约,2
领导层,2
周内,2
晋升制度,2
总计,2
8.000,2
15.000,2
午饭,2
实报,2
油费,2
观察敏锐,2
临港,2
工程学,2
化工行业,2
非标件,2
疑问,2
看清,2
川沙镇,2
工艺设备,2
气化炉,2
烟道,2
反应器,2
塔类,2
气象条件,2
数据表,2
设计阶段,2
制造厂,2
觉得,2
怀才不遇,2
主角,2
领袖,2
才华,2
一生,2
Responsibilities1,2
individually,2
painting,2
Bill,2
Testing,2
etc.5,2
stages,2
handover,2
analyzing,2
Collaborate,2
uniform,2
oversight,2
QualificationsA,2
Physics,2
subject,2
Desired1,2
Passion,2
analytic,2
contributor,2
accept,2
耐劳,2
调度,2
自助,2
回执,2
三至,2
条理清楚,2
塑料零件,2
扣模,2
从业者,2
冷控,2
遇尔性,2
勤于思考,2
产品规格,2
电动机,2
施途,2
高技术,2
B2B,2
B2C,2
远销,2
二十多个,2
俄罗斯,2
稳固,2
抓好,2
销量,2
一流,2
发展期,2
升职,2
而且,2
正在,2
lab1st,2
comAlibaba,2
lab1stsci,2
en,2
alibaba,2
输出设备,2
拟制,2
三菱,2
欧姆龙,2
短时间,2
林肯,2
声誉,2
工资待遇,2
邮寄,2
本市,2
沪闵路,2
2960,2
邮编,2
201109,2
许先生,2
xul,2
shnova,2
谢绝,2
五金配件,2
设计部,2
4000,2
不少,2
共赢,2
终点,2
而是,2
起点,2
欣赏,2
锻炼,2
身体,2
崇尚自我,2
反省,2
最快,2
自我完善,2
上面,2
观点,2
何处,2
什么样,2
带上,2
张开,2
热烈,2
早点,2
职满,2
各地,2
风土人情,2
认为,2
低估,2
辛勤,2
补偿,2
不会,2
在意,2
坚实,2
黄铜,2
SW3D,2
看得懂,2
soldworks,2
17749756969,2
任务书,2
督导,2
或纯,2
静力学,2
和善,2
厂内,2
能干,2
领会,2
准确无误,2
刚性,2
自较,2
应该,2
细仔,2
工作组,2
solidwork2,2
旋盖,2
乳化机,2
经管,2
参谋,2
会议纪要,2
贯彻实施,2
草拟,2
发言稿,2
名义,2
发言,2
研究成果,2
大事,2
管理学,2
受过,2
15K,2
路面,2
电商,2
跟产,2
64092350,2
家用电器,2
敢于创新,2
标机,2
建路,2
333,2
优乐加,2
单休,2
Mini,2
Tab,2
标书,2
钢构,2
土木,2
岩土,2
自觉性,2
筑邦,2
大业,2
新骏,2
环路,2
188,2
Transfer,2
Bulgaria,2
mostly,2
copy,2
capacity,2
Revision,2
adaptation,2
documentation3,2
Updating,2
redesign,2
branches4,2
printed,2
circuit,2
boards5,2
Hardware,2
requirements6,2
cost7,2
Assures,2
examining,2
systems8,2
sample,2
plantRequirements,2
s2,2
systems4,2
friendly,2
designs5,2
connectors6,2
bending,2
die,2
technology7,2
GPS,2
norming,2
appreciated8,2
skills9,2
PTC,2
Parametric,2
V4.0,2
appreciated10,2
Analytically,2
systemically,2
reliably,2
team11,2
fluent,2
Intercultural,2
especially,2
regarding,2
VOC,2
频繁,2
申昆路,2
申虹,2
801,2
水力,2
滚筒,2
迅达,2
轿厢,2
CAx,2
提高效率,2
匹配,2
DFMA,2
表观,2
螺丝,2
干扰,2
和校验,2
图形,2
对话,2
自信,2
2.4,2
供货,2
tailor,2
made,2
engery,2
stresses,2
Ergonomic,2
人机工程,2
Mechancial,2
std,2
purchased,2
Working,2
AutoCAD6,2
操作步骤,2
FANUC,2
DURR,2
ISRA,2
革新,2
金石,2
2388,2
6k,2
8k,2
浮动,2
行位,2
间隙,2
保证质量,2
配料,2
散装,2
保证书,2
回传,2
并交,2
原材料,2
上交,2
发给,2
未交,2
螺纹,2
规等,2
英语水平,2
用语,2
饭贴,2
建筑制图,2
故障诊断,2
执着,2
说服,2
组织部门,2
回签,2
集合,2
力量,2
时需,2
实地,2
电机厂,2
同行,2
CAD1,2
反思,2
孜孜不倦,2
大宗,2
关键部件,2
主题乐园,2
影院,2
显示屏,2
导航仪,2
车内,2
少量,2
电子相关,2
专业术语,2
优化结构,2
Detail,2
pollution,2
parties,2
majorities,2
min,2
preferable,2
ACAD,2
Honest,2
disciplined,2
reliable,2
现场实验,2
退回,2
requirements.2,2
accuracy.3,2
Co,2
ordinate,2
chassis,2
design.4,2
problems.5,2
Others,2
RequirementBachelor,2
Over,2
honest,2
independence,2
罗泾,2
兰湖,2
车程,2
开发部,2
苏州地区,2
控制能力,2
自愿,2
所在地,2
投入使用,2
监测,2
回场,2
购进,2
合格证,2
电子厂,2
波峰焊,2
基本概念,2
公装,2
弱电,2
安防,2
还会,2
图板,2
solidwords,2
调理,2
主案,2
数理,2
部副,2
熟料,2
同类产品,2
新理念,2
身体素质,2
天数,2
劳务费,2
餐饮,2
优异者,2
授予,2
强有,2
技术储备,2
SUMMARY,2
designing,2
person,2
contributions,2
having,2
features,2
sized,2
requires,2
junior,2
specified,2
Takes,2
DTD,2
Assignments,2
involve,2
ECM,2
C2C,2
light,2
Standardize,2
category,2
EDUCATION,2
EXPERIENCE,2
Mold,2
OTHER,2
ABILITIES,2
内燃机,2
MP,2
适用性,2
房间,2
滚筒式,2
移载,2
合伙人,2
销售策略,2
合同条款,2
起重机械,2
港口,2
sarah,2
wintruth,2
中标,2
用量,2
专业对口,2
所需,2
无挂科,2
导出,2
Solidworks3D,2
每季度,2
自动检测,2
保质,2
守时,2
persons,2
relation,2
performe,2
undertaken,2
conforms,2
Instruction,2
Manuals,2
Utilize,2
delegated,2
measurements,2
验算,2
verify,2
neededJob,2
previous,2
versed,2
programs,2
贯彻,2
小修,2
年度预算,2
安全装置,2
果断,2
临场,2
或链,2
传送,2
原型,2
制备,2
软件工具,2
YY,2
0287,2
媒体,2
有序,2
多媒体,2
OUTCAD,2
深刻理解,2
内涵,2
OTS,2
制做,2
供方,2
WI,2
满意度,2
根因,2
有效性,2
嵌齿,2
滚压,2
整形,2
气调,2
贴体,2
拉伸膜,2
集信,2
18930776786,2
温和,2
走深,2
专长,2
飞行,2
防松,2
准则,2
长远规划,2
基建工程,2
技术鉴定,2
前预,2
申请书,2
权利,2
涉外,2
第二,2
门外,2
愉快,2
志同道合,2
本行业,2
比例,2
调协,2
SOLODWORKS,2
如有,2
详细情况,2
八年,2
倾听,2
声音,2
图集,2
Eplan,2
WinCC,2
flexible,2
组态,2
到岗者,2
斜土路,2
1223,2
之俊,2
严禁,2
做人,2
上述,2
不拘泥,2
全身心,2
长期打算,2
场景,2
部装图,2
名企,2
公馆,2
隶属,2
南青,2
石青,2
松莘线,2
独栋,2
花园式,2
办公楼,2
别致,2
宽敞,2
新桥镇,2
泗砖,2
255,2
161,2
PreE,2
3.0,2
5.0,2
EXCL,2
情绪,2
工作调动,2
5.3,2
60MPa,2
气体设备,2
金出,2
铭牌,2
气源,2
领先地位,2
超临界,2
发泡,2
军用,2
舰艇,2
供气,2
大团,2
宣路,2
下塘,2
百度,2
地图,2
信息工程,2
学等,2
欲望,2
康路,2
楼南座,2
gaoxiang,2
xu,2
Solidworkds,2
外文,2
甲方,2
CAD3,2
锲而不舍,2
大梁,2
水罐,2
骨架,2
配装,2
改装车,2
电子电路,2
特种车,2
质保,2
往届,2
photoshop,2
黄赌毒,2
违法犯罪,2
前科,2
违纪,2
税后,2
ccscpetro,2
协和,2
航天,2
CAM,2
航空,2
宇航,2
预测,2
计划性,2
完成率,2
评选,2
压力表,2
储气罐,2
新购,2
新进,2
购置,2
线缆,2
赢取,2
2005,2
余名,2
外包,2
浓郁,2
气氛,2
充分利用,2
IT,2
稳健,2
唯才是举,2
普陀区,2
云岭,2
609,2
汇银铭尊,2
605,2
威宁,2
路站,2
北路,2
551,2
莘北,2
202,2
44,2
766,2
长征,2
739,2
电动汽车,2
销售业务,2
韩国,2
特色,2
客户资料,2
收取,2
帐款,2
混凝土泵,2
Pre,2
业余生活,2
视野,2
愿景,2
影响力,2
严密,2
相信,2
宝贵,2
资产,2
有识之士,2
队伍,2
欧美,2
毫不逊色,2
振兴,2
民族,2
决心,2
小企业,2
胸怀,2
不输于,2
明天,2
热烈欢迎,2
心仪,2
无论,2
来自,2
哪所,2
哪座,2
新疆,2
信念,2
最有,2
活力,2
SW1,2
十三,2
加薪,2
8K,2
12K,2
原图,2
诚信度,2
外来,2
通用设备,2
体现,2
相结合,2
卫生间,2
沐浴,2
生日礼物,2
桌球,2
娱乐,2
新春,2
联欢会,2
遵从,2
怀有,2
自豪,2
结识,2
聪颖,2
简朴,2
精英,2
无与伦比,2
归属感,2
仅供参考,2
考量,2
使用者,2
偶尔,2
问题解答,2
200K,2
自定化,2
新车型,2
维修站,2
修正,2
实车,2
公告,2
维修策略,2
除外,2
acad,2
纸包装,2
领军,2
综合型,2
假入,2
悠享,2
充电,2
青浦,2
天辰路,2
2521,2
直线导轨,2
行使,2
三班制,2
白夜,2
另计,2
上四休,2
国家有关,2
强制性,2
电子设计,2
单元,2
wold,2
自动售货机,2
手臂,2
素描,2
转成,2
liwt,2
stee,2
stengg,2
常态,2
Solidworks1,2
水晶玻璃,2
铜制品,2
吊顶,2
壁画,2
挂件,2
雕塑,2
周日,2
Ug,2
Rhino,2
自研,2
装机,2
疑难杂症,2
抗压性,2
铭模,2
现需,2
50202767,2
所述,2
民营企业,2
家眷,2
朝阳,2
激励机制,2
优厚,2
竞升,2
晋级,2
签证,2
报考,2
较佳,2
英语专业,2
八级,2
TEM8,2
TOEFL,2
IELTS,2
一员,2
延续,2
身心,2
收获,2
祝贺,2
新婚,2
贺礼,2
经费,2
图书,2
借阅,2
如此,2
近在咫尺,2
电学,2
定向,2
接洽,2
缜密,2
学历者,2
负责制,2
造成,2
国企,2
提效,2
管理程序,2
双休日,2
月工资,2
幅度,2
69746020,2
808,2
62219769,2
goodpacking,2
山镇,2
658,2
公交路线,2
赵巷,2
佘山站,2
92,2
路到,2
汽车站,2
嘉联,2
超市,2
即到,2
上海市人民政府,2
认定,2
已经,2
2015,2
节省,2
人力物力,2
主打产品,2
封切,2
整合系统,2
英国,2
瑞士,2
中国台湾,2
高科技,2
专业人才,2
政府部门,2
多所,2
校企,2
产学研,2
国际化,2
以求,2
技术含量,2
性价比,2
几十项,2
实用型,2
发明专利,2
精益求精,2
规模经营,2
信誉,2
美观,2
结实,2
耐用,2
深受,2
信赖,2
畅销,2
海内外,2
提倡,2
用户至上,2
出发点,2
吸收,2
贵司,2
一律,2
保修期,2
终身,2
人要衣装,2
货要,2
精装,2
有何,2
客服部,2
正如,2
一样,2
不足,2
允许,2
失误,2
强项,2
局限,2
多方,2
感谢,2
回报,2
纺织,2
一两年,2
家里,2
438,2
交界,2
2.211,2
FAI,2
SHE,2
供水,2
建设项目,2
适应性,2
要点,2
加节,2
操作室,2
信息化,2
机舱,2
轮毂,2
叶片,2
运输,2
吊装,2
大部件,2
更换,2
服务中心,2
新机型,2
IPD,2
数据中心,2
齿轮箱,2
开郎,2
懂电,2
任选,2
热爱生活,2
张堰,2
急聘,2
市场推广,2
感知,2
敏锐地,2
若干名,2
充满活力,2
领悟力,2
商务旅行,2
Windows,2
刻苦钻研,2
换热器,2
结晶,2
现代,2
某一,2
驾驭,2
文学语言,2
风格,2
文采,2
飞扬,2
结合实际,2
参赛,2
演讲稿,2
2000,2
稿子,2
内要,2
交稿,2
韩文,2
德文,2
法文,2
俄文,2
西班牙文,2
抓实,2
出色完成,2
个人简介,2
执笔,2
代表作,2
一篇,2
写作水平,2
发到,2
反应速度,2
批产,2
或莲枫,2
松新枫,2
动车,2
打车,2
三餐,2
艺术作品,2
互动,2
媒材,2
用途,2
互动性,2
学科,2
以身作则,2
soliword,2
应便,2
工艺品,2
美术,2
策划部,2
创作,2
过去,2
否则,2
不予考虑,2
检定,2
有用,2
长阳路,2
大连,2
隧道口,2
蓝天,2
世纪,2
杨高中,2
多日,2
企及,2
ALA,2
日中,2
alaworld,2
Jobs,2
vcatg,2
会坚,2
张扬路,2
21,2
6112,2
6380,2
173,2
2107,2
8272,2
hj15staff,2
gmail,2
LC180929,2
开发阶段,2
结构复杂,2
良率,2
Preo,2
基本常识,2
品行端正,2
计量器,2
首检,2
终检,2
吊车,2
高空作业,2
全回,2
转机,2
高级工,2
西南地区,2
修理工,2
交由,2
一行,2
一般性,2
精雕,2
对产线,2
盈亏,2
最优化,2
产品组合,2
正视,2
友善,2
约束,2
老化,2
2d,2
有餐,2
补及,2
可用,2
公费旅游,2
quaerolife,2
实时性,2
机壳,2
封样,2
招收,2
拼装,2
功率,2
常用工具,2
ISO90001,2
高端,2
贴标,2
初始,2
五金材料,2
电镀,2
铝制品,2
Do,2
beneficial,2
shaped,2
Whether,2
consumer,2
goods,2
chance,2
Welcome,2
modular,2
idea,2
Resolve,2
RoHS,2
numbers,2
TCE,2
legal,2
Cross,2
check,2
multinational,2
High,2
陆丰,2
年路,2
960,2
发挥,2
细分,2
量身,2
多个,2
多名,2
1978,2
以来,2
武进,2
西安,2
截止,2
626,2
世界领先,2
服务供应商,2
截至,2
财政年度,2
731,2
划分,2
消费品,2
能源,2
智能家居,2
专知,2
整合式,2
人们,2
有益,2
从而,2
他们,2
凭借,2
践行,2
科技成就,2
之美,2
承诺,2
罗伯特,2
区域性,2
在内,2
全世界,2
这一,2
全球性,2
奠定,2
长远,2
不断创新,2
Economical,2
precise,2
efficient,2
moves,2
bundles,2
segments,2
Mobile,2
tailored,2
drives,2
controls,2
revenue,2
approximately,2
comThe,2
December,2
figures,2
73.1,2
Its,2
divided,2
sectors,2
Mobility,2
Solutions,2
Consumer,2
Goods,2
Building,2
homes,2
cities,2
uses,2
sensor,2
cloud,2
domain,2
single,2
objective,2
spark,2
enthusiasm,2
creates,2
Invented,2
comprises,2
Robert,2
GmbH,2
subsidiaries,2
regional,2
Including,2
covers,2
nearly,2
every,2
country,2
world,2
online,2
iot,2
twitter,2
BoschPresse,2
accordance,2
provision,2
Propose,2
电液,2
address,2
difficult,2
complaints,2
抱怨,2
prospective,2
divisional,2
伙伴关系,2
strategy,2
Qualifications1,2
schematics,2
两到,2
driven,2
inspirational,2
灵动,2
awareness,2
不要,2
清洗机,2
可看,2
排故,2
资料汇编,2
熟识,2
PACK,2
IP,2
航空航天,2
不得,2
私自,2
馈送,2
转借,2
变卖,2
泄密,2
WX,2
personal0061,2
报修,2
严重,2
察看,2
责任人,2
会海,2
克斯,2
康三,2
熟读,2
金有,2
Division,2
SHANGHAI,2
looking,2
联锁,2
else,2
中压,2
基本功能,2
查找,2
ContactIf,2
Siemens,2
free,2
log,2
website,2
如需,2
招贤纳士,2
cnInterested,2
send,2
Curriculum,2
Vitae,2
indicate,2
email,2
xiaoying,2
sun,2
链接,2
未注册,2
需先,2
https,2
ars2,2
equest,2
c1d147852d5a71bd1bbad7a48fcf8064,2
Supplier,2
MV,2
HV,2
cabinet,2
fastener,2
Insulation,2
sheet,2
Analyzing,2
prioritizing,2
determining,2
audits,2
reviewing,2
approving,2
corrective,2
actions,2
Inspection,2
Typical,2
executing,2
workmanship,2
improvements,2
criteria,2
specifying,2
sampling,2
interpreting,2
revising,2
conducting,2
conforming,2
Facilitate,2
resolution,2
Profess,2
five,2
Has,2
UL,2
VDA,2
6.3,2
Methodologies,2
裁刀,2
喷码机,2
覆膜机,2
贴标机,2
打孔机,2
包装工,2
精密度,2
Solidworks2,2
电邮,2
遵照,2
中所,2
机械部,2
铝合金,2
物理化学,2
自学,2
十年,2
总体规划,2
新产线,2
相目,2
讲师,2
学士,2
重点学科,2
级者,2
竞赛,2
低于,2
造纸,2
分条机,2
ug,2
平板,2
石化,2
高职,2
近年,2
每周五,2
缴五险,2
服务部,2
增材,2
很多,2
开创,2
想象力,2
更快,2
包容性,2
富于,2
道路,2
勇往直前,2
日程,2
构想,2
低压,2
省份,2
群体,2
钢铁行业,2
盛情,2
邀请,2
挥洒,2
热情洋溢,2
青春年华,2
美好,2
道具,2
自然,2
力求,2
完美,2
尊重,2
籍贯,2
002,2
东葛路,2
423,2
管理层,2
50689081,2
18701901090,2
新机种,2
出现异常,2
食品安全,2
卫生,2
洽商,2
建筑学,2
工程造价,2
预审,2
建筑安装,2
施工员,2
GB9706,2
电器集团,2
Leader,2
1968,2
德资,2
创立,2
之外,2
还是,2
生产型,2
几家,2
生产商,2
文翔路,2
4399,2
BS,2
Department,2
etcEstimate,2
reach,2
agreement,2
monthly,2
inside,2
budgetResponsible,2
audit,2
orgnizanize,2
error,2
rate,2
qualityExecute,2
workflow,2
checkable,2
recorded,2
folder,2
kit,2
projectsAs,2
customersOwner,2
lesson,2
info,2
publish,2
达成协议,2
预算内,2
错误率,2
文件夹,2
工具包,2
占据,2
BIW,2
spot,2
stud,2
laser,2
brazing,2
roller,2
hemming,2
softwareUnderstand,2
processHave,2
managementStrong,2
confident,2
appearance,2
achievingHigh,2
ready,2
decisionsGood,2
taskBe,2
密封,2
螺柱,2
滚边,2
信心,2
达到目标,2
多任务,2
中间,2
不包,2
25k,2
850,2
春节假期,2
1d,2
无误,2
即使,2
出入,2
取消,2
徐家汇,2
南方,2
商城,2
七宝,2
银都路,2
泸闵路,2
分局,2
公交站,2
iBooster,2
EHB,2
制动,2
时候,2
附带,2
亲自,2
雄厚,2
连杆,2
航头,2
sourced,2
trends,2
Hydraulic,2
Own,2
timelines,2
prioritize,2
spend,2
negotiating,2
agreements,2
Evaluate,2
quotes,2
financial,2
categories,2
place,2
indicators,2
weekly,2
stocking,2
buy,2
outs,2
deliveries,2
back,2
orders,2
rationalize,2
Identify,2
bottlenecks,2
QUALIFICATIOINS,2
COMPENTENCIES,2
Business,2
Organizational,2
priorities,2
amounts,2
comprehensive,2
exercise,2
judgment,2
attention,2
Frequent,2
drilling,2
competitors,2
measures,2
units,2
simultaneously,2
reflect,2
policy,2
urgency,2
Drilling,2
新机,2
及线体,2
旧机,2
64138355,2
13817294876,2
同类,2
优缺点,2
同步,2
三者,2
放眼世界,2
转子泵,2
沼气,2
EPC,2
移动,2
泵车,2
及车,2
固液,2
服务提供商,2
崇尚,2
勇立,2
之巅,2
最具,2
令人尊敬,2
安徽,2
芜湖,2
上万,2
平米,2
发展壮大,2
尊重人才,2
详见,2
WWW,2
PUMPSEEN,2
COM,2
业务素质,2
Powerpoint,2
规则,2
AfterEffects,2
团结合作,2
飞机,2
航电,2
切割,2
原始记录,2
代码,2
二次开发,2
友商,2
内部人员,2
之前,2
酱腌菜,2
番茄酱,2
蜂蜜,2
食品类,2
春浓路,2
13764107708,2
69593331,2
计算能力,2
穿戴,2
CMF,2
及试,2
模样,2
锁具,2
压制,2
UV,2
取得成功,2
任劳任怨,2
健身器材,2
定址,2
交于,2
实业,2
书面资料,2
发货单,2
出库,2
货物,2
改动,2
近照,2
复印件,2
首页,2
发至,2
fomshanghai,2
embarqmail,2
充分考虑,2
节点,2
难度,2
日系,2
欧系,2
抓手,2
按期,2
莱凯,2
适用,2
前奏,2
表现出色,2
不仅仅,2
热身,2
绝佳,2
本次,2
2020,2
暑假,2
连贯,2
直通车,2
offer2,2
秋季,2
专场,2
Fair3,2
导师,2
手把手,2
synchronization,2
attributes,2
modification2,2
drawing3,2
techincal,2
acitivities.1,2
MBOM,2
重命名,2
Grade,2
Two,2
electromagnetic,2
电磁,2
全市,2
Low,2
Voltage,2
devices,2
defined,2
phenomena,2
Time,2
accountable,2
concern,2
involved,2
Kinematic,2
computation,2
Static,2
equilibrium,2
state,2
joints,2
contacts,2
reaction,2
Dynamic,2
velocity,2
acceleration,2
vs,2
Structure,2
Strength,2
Rigidity,2
Stability,2
buckling,2
Coverage,2
nonlinear,2
shock,2
vibration,2
seismic,2
coupling,2
participant,2
competency,2
Minimum3,2
C5,2
Electromagnetic,2
beginner,2
accepted,2
Flux,2
Maxwell,2
converting,2
reality,2
phenomenon,2
Highly,2
OEE,2
MTBF,2
MTTR,2
高级技师,2
三班倒,2
高纯,2
关键设备,2
电控箱,2
需到,2
船舶设计,2
公司业绩,2
功能分析,2
构型,2
工程化,2
FEEDER,2
INDEXER1,2
跟加,2
密封件,2
之初,2
Define,2
risks,2
before,2
starts,2
站位,2
station,2
pass,2
如遇,2
向上,2
difficulties,2
Introduce,2
accurately,2
度及,2
准确度,2
Update,2
summary,2
flow,2
sharing,2
桥梁,2
作用,2
play,2
bridge,2
accurate,2
PMO,2
manufactory,2
HT,2
Coating,2
Competent,2
力柯,2
Liktech,2
commitment,2
更优,2
Learn,2
杭州,2
滨江,2
桐庐,2
计时,2
搞好,2
对人,2
加工成本,2
系列产品,2
文档资料,2
热泵,2
全权负责,2
外资,2
翻班,2
Get,2
repair.2,2
fix3,2
Maintain,2
records,2
replace,2
lubricant,2
basis4,2
oil,2
without,2
lubricant.5,2
supplies,2
maintenance.6,2
searching,2
parts.7,2
replacement.8,2
parties.9,2
Complete,2
assignment,2
required.10,2
Wear,2
PPE,2
health,2
instruction.11,2
Active,2
participator,2
销售市场,2
级别,2
出境,2
排屑器,2
防护罩,2
展图,2
表现力,2
色彩,2
搭配,2
illustrator,2
rhino,2
alias,2
ps,2
演出,2
安全隐患,2
技术科,2
鉴赏力,2
家居,2
农林业,2
货比三家,2
合理性,2
敏感度,2
开发人员,2
到货,2
四六级,2
农用,2
其间,2
外延,2
目录,2
三级,2
图库,2
Cad,2
模版,2
通用件,2
四大家族,2
总线,2
产品型号,2
中有,2
偏离,2
办事处,2
招投标,2
时去,2
方言,2
下能,2
不怕困难,2
一金及,2
休闲,2
SMT,2
吸塑,2
成型机,2
本行,2
windows,2
16000,2
另加,2
伙食,2
15001877183,2
展仕,2
吸塑机,2
洞泾至,2
往返,2
18201957610,2
57275948,2
社会关系,2
精力充沛,2
www.52751111,2
comhttp,2
bestfamen,2
请加,2
QQ,2
预约,2
52751009,2
还有,2
同比,2
11%,2
3.8,2
3%,2
达标者,2
内销,2
2008,2
2014,2
2012,2
依图,2
千分表,2
卡尺,2
上级部门,2
CS2,2
3DSMAX,2
considerate,2
laws,2
users,2
Investigate,2
Improve,2
serviceCapture,2
give,2
patient,2
careful,2
answers,2
inquires,2
investigation,2
complaintsProduct,2
designTo,2
Planning,2
verifications,2
Laboratory,2
testDevelopment,2
experiments,2
properties,2
materialsStandardization,2
globallyPlanning,2
Related,2
sealant,2
coating,2
dosing,2
handheld,2
Prior,2
remote,2
trainingAble,2
dataFluent,2
EnglishGood,2
reportingClear,2
logical,2
mindedDetail,2
orientatedGood,2
余人到,2
狂奔,2
不止,2
造商,2
改变,2
变革,2
贡献力量,2
好玩,2
有趣,2
一批,2
黑马,2
希盟,2
不愿,2
虚度年华,2
渴望,2
失败,2
拥抱,2
本领,2
有点,2
亿美金,2
独角兽,2
阀体,2
半自动化,2
意向,2
电子原件,2
照为,2
销售主管,2
DP,2
承压,2
eps,2
非诚,2
辅助性,2
选取,2
交纳,2
过节,2
妇女节,2
端午节,2
中秋节,2
物质,2
命名,2
2168075932,2
chenxurobot,2
滨海,2
新城,2
马欢,2
科创园,2
综合楼,2
fabricate,2
manipulators,2
static,2
dynamic,2
motions2,2
handling,2
head,2
identify,2
defines,2
tolerances,2
acceptable,2
specifications3,2
simulation4,2
analysis5,2
Follow,2
production6,2
release7,2
kept,2
stored8,2
generation,2
纠错,2
Onsite,2
fault,2
finding,2
Undergraduate,2
post,2
Mechatronics,2
similar2,2
solidmodeling,2
selections,2
charaterictics,2
Looking,2
impactStrong,2
ethic,2
debugging,2
干燥,2
更新改造,2
辅助工具,2
master,2
metallurgy,2
renewal,2
assume,2
craft,2
confirmation,2
DuoNian,2
reconstruction,2
skillfully,2
auxiliary,2
Benefits,2
golden,2
performa,2
划线,2
捆扎机,2
机等,2
平等,2
委以重任,2
有诚,2
之士,2
真诚,2
详情请,2
注入,2
血液,2
带给,2
工业生产,2
取代,2
劳动,2
必然趋势,2
信心倍增,2
66121850,2
吴先生,2
来厂,2
罗路,2
888,2
68,2
得尼,2
类及,2
建机,2
研判,2
剑川,2
江月路,2
早餐,2
晚餐,2
RTO,2
RCO1,2
技术谈判,2
逐步完善,2
设立,2
逐步,2
准确率,2
HR190128,2
38,2
公司简介,2
相片,2
保守,2
秘密,2
上升,2
电话费,2
26719587,2
26712591,2
特技,2
联系实际,2
起重机,2
管辖,2
侧重于,2
考试,2
优越,2
单身,2
包吃,2
阿姨,2
可口,2
小菜,2
牙齿,2
牙周,2
解读,2
用服,2
供应,2
硕士学位,2
BoM,2
VAVE,2
中应,2
结构化,2
系统化,2
思考问题,2
根本原因,2
按质,2
劳动纪律,2
场所,2
摆放,2
防止,2
事故,2
生产指标,2
用具,2
凡待装,2
铁屑,2
油污,2
泥沙,2
杂物,2
清除,2
清点,2
堆放,2
调式,2
结束,2
周围,2
清理,2
职业高中,2
现金,2
有害物质,2
250,2
非现金,2
上一年,2
平均收入,2
为准,2
时如,2
天年,2
此后,2
每满,2
1200,2
开门红,2
意外保险,2
意外,2
工作服,2
安全鞋,2
劳动法,2
工间,2
休息时间,2
人性化,2
泗泾站,2
西外,2
51,2
体育中心,2
农行,2
门口,2
52,2
大润发,2
53,2
白洋,2
小区,2
荣乐,2
水岸,2
02,2
怡景苑,2
04,2
06,2
北广场,2
莘庄乐购,2
G60,2
中春路,2
YAMAHA,2
自强,2
交与,2
焊者,2
7S,2
一到,2
两种,2
公开,2
人才培养,2
莲花路,2
莲朱,2
朱泾下,2
视频,2
Ada,2
Tang,2
人力资源部,2
耐尔,2
兴豪路,2
3783,2
1829,2
6040,2
5929,2
13661752248,2
汤纯,2
3003793402,2
跟前,2
记录表,2
万用表,2
传动装置,2
过丝杆,2
技术学校,2
深厚,2
太仓市,2
紧邻,2
研发部门,2
筹建,2
配车,2
客观,2
前瞻性,2
流利地,2
意向者,2
tony,2
yuan,2
catmull,2
recruiter,2
欧标,2
先生,2
18717912658,2
拨打,2
金相,2
制样,2
南桥,2
地毯,2
织机,2
印花机,2
时请,2
学历证书,2
证件,2
潘先生,2
31223682,2
林先生,2
0594,2
6708230,2
linjing,2
yili,2
huafeng,2
方松,2
街道,2
909,2
丰源,2
满勤奖,2
举办活动,2
秉承,2
宗旨,2
职员,2
储干,2
创优,2
争先,2
文化氛围,2
报刊,2
之声,2
广播,2
举办,2
文娱活动,2
Caxa,2
意见建议,2
有钢,2
二级,2
建造师,2
打动,2
促成,2
沟通了解,2
寻求,2
互联网络,2
分销,2
工程进度,2
统筹安排,2
组内设计,2
谢春路,2
1255,2
归类,2
动态,2
缺席,2
转告,2
妥善处理,2
内务,2
遗传性,2
在泵阀,2
后勤,2
partially,2
assemblying,2
detailing,2
particulars,2
Heat,2
Treatment,2
induction,2
Handling,2
fluidic,2
medium,2
琢磨,2
最前沿,2
动向,2
力矩,2
18252806265,2
包缝,2
平缝,2
十四,2
前来,2
SOLIDWORD,2
台账,2
回顾,2
申领,2
请购,2
废弃物,2
包商,2
Relevant,2
装载机,2
高低压,2
中高级,2
referred,2
characteristics,2
个性特点,2
传授,2
PRINCIPAL,2
functionality,2
fits,2
theoretical,2
gas,2
chromatograph,2
techniques,2
prove,2
finally,2
practicality,2
approach,2
Carries,2
evaluations,2
successive,2
version,2
fundamentals,2
fully,2
understood,2
solved,2
sufficiently,2
robust,2
due,2
expected,2
variations,2
tested,2
accomplished,2
important,2
bring,2
supports,2
scientific,2
PhD,2
perferred,2
property,2
facilitate,2
Nastran,2
Complex,2
introduction,2
creativity,2
successfully,2
rapidly,2
achievements,2
蒸汽,2
冷热水,2
水龙头,2
卫生洁具,2
下水,2
疏通,2
厨房,2
煤气管,2
领班,2
汇报工作,2
值班,2
努力完成,2
有同,2
管道工,2
三项,2
别墅,2
整梯,2
大礼包,2
传动带,2
以外,2
研磨,2
加饰,2
薄膜,2
BANDO,2
调查结果,2
N2,2
聊天,2
防油,2
耐久性,2
600,2
State,2
art,2
jigs,2
Reviewing,2
coaching,2
Calculations,2
elements,2
castings,2
geometrical,2
dimensioning,2
TFS,2
电器维修,2
龙门吊,2
吊篮,2
汽车吊,2
车辆管理,2
进场,2
手续,2
拆除,2
内业,2
在建,2
复查,2
本木,2
管理员,2
安全员,2
及维保,2
与时俱进,2
送测,2
朱桥,2
电焊,2
模修,2
结项,2
制模,2
POCT,2
道工序,2
签名,2
开据,2
重新,2
真实性,2
标签,2
外径,2
万能,2
IQC,2
IPQC,2
PQC,2
OQC,2
急招,2
集团公司,2
两个,2
返回,2
n2,2
机遇,2
难得,2
请速联,2
asahi,2
163,2
Protel,2
知悉,2
饮料包装,2
solidworksMECHANICAL,2
DESIGN,2
ENGINEER,2
Workscreate,2
productionreview,2
programmercreation,2
documentationinitiate,2
partsparticipate,2
customersupport,2
PMRequirements,2
experiencevery,2
Worksat,2
similargood,2
machinerywilling,2
sitegood,2
plusWe,2
Germanyexperience,2
manufacturersa,2
growing,2
companypersonal,2
trainingpleasant,2
atmosphereKIENER,2
family,2
owned,2
employing,2
total,2
750,2
Hungary,2
choice,2
top,2
brand,2
manufacturer,2
wood,2
textile,2
medicine,2
sister,2
brands,2
LACOM,2
COMAG,2
对此,2
体化,2
除雾器,2
成绩单,2
产品包装,2
MAKES,2
历史记录,2
认真完成,2
Robomaster,2
18616016275,2
社交能力,2
膜分离,2
之地,2
出发地,2
分制,2
落户,2
家人,2
市民,2
同等待遇,2
优于,2
70%,2
张江高,2
科技园区,2
卡园,2
新规,2
CP,2
试作,2
FTA,2
ITF16949,2
简化,2
关键件,2
通电,2
通气,2
四年,2
协加,2
Essential,2
Duties,2
advice,2
Respect,2
mine,2
Guide,2
Train,2
technicians,2
doing,2
predictive,2
supervise,2
Troubleshooting,2
Represent,2
towards,2
factory,2
updates,2
upgrades,2
tooling,2
usage,2
Promote,2
Organize,2
Inspections,2
Failure,2
Very,2
troubleshoot,2
Leadership,2
Awareness,2
Strives,2
communicates,2
developments,2
Mastering,2
Spanish,2
further,2
Adaptation,2
environments,2
face,2
situations,2
defend,2
image,2
circumstances,2
school,2
heavy,2
duty,2
聘用,2
AtuoCAD,2
AOTO,2
有板,2
执业资格,2
能源行业,2
饲料,2
发酵,2
分切,2
缝纫,2
工艺师,2
设备部,2
迎接,2
年内,2
中层,2
带教,2
科研课题,2
海洋,2
机设备,2
海工,2
及样,2
SolidworkS,2
弧焊,2
分析测试,2
生产性,2
及能,2
轻型,2
soild,2
PKPM,2
水炮,2
CFD,2
坦克,2
路程,2
阅览,2
国有,2
铁矿石,2
贵金属,2
合金,2
评议,2
商务谈判,2
成交,2
系统生成,2
签署,2
移交,2
境内,2
终端用户,2
认真贯彻,2
实施细则,2
业务水平,2
事前,2
事后,2
忠于职守,2
廉洁奉公,2
如期,2
经办,2
到底,2
商品,2
持久,2
客户经理,2
有色金属,2
煤炭,2
阿里巴巴,2
会员,2
MSN,2
Trademanager,2
国外市场,2
接待,2
开拓市场,2
快捷,2
求上,2
旅游景点,2
生产厂,2
海景,2
写字楼,2
进步,2
马上,2
致电,2
34662727,2
1833529619,2
杭州湾,2
WIFI,2
途径,2
春申,2
新桥,2
叶榭,2
亭林站,2
朱石,2
朱钱,2
卫线,2
枫戚,2
快线,2
山阳,2
电磁阀,2
层析柱,2
用品,2
探讨,2
强弱电,2
华宁,2
专业课,2
自制,2
proE,2
技术咨询,2
拍摄,2
实操,2
工单,2
公司总部,2
兴塔,2
建安,2
公里,2
具跟模,2
拟订,2
技术规程,2
必要条件,2
科及,2
竞岗,2
太阳能,2
分布式,2
框架结构,2
带动,2
当然,2
兼而有之,2
还好,2
几个,2
收入,2
过万,2
别问,2
为啥,2
不能,2
时刻,2
出去,2
留下,2
粮草,2
牛羊,2
不用,2
操心,2
实际上,2
养肥,2
别人,2
相同,2
上海浦东,2
周浦,2
人事关系,2
几年,2
搬迁,2
那边,2
大中专,2
3DR,2
MAX,2
SKETCHUP,2
许多,2
聪明,2
或产线,2
收尾,2
电性能,2
耐久,2
超声波,2
螺丝机,2
焊接机,2
点胶机,2
方向盘,2
安全气囊,2
液压缸,2
箱体,2
突发性,2
力强,2
ISO14000,2
放大,2
具体操作,2
技术指标,2
部将,2
市场准入,2
定案,2
专题研究,2
推荐奖,2
金蝶,2
K3,2
Wise,2
ENGLISH,2
dictionary,2
express,2
yourself,2
sending,2
emails,2
述标,2
水准,2
减重,2
出版,2
民机,2
最近,2
申请专利,2
产品认证,2
附件,2
工控机,2
散热器,2
单板,2
结构组件,2
加固,2
液冷,2
Flotherm,2
icepeak,2
6sigma,2
料带,2
废品,2
内取,2
排屑,2
清洗,2
矫正,2
防锈,2
NG,2
剔除,2
开拓创新,2
周边设备,2
类取,2
无屑,2
切割机,2
倒角机,2
链分析,2
误差,2
热效应,2
模态,2
离散,2
人事部门,2
畅通,2
约见,2
超出,2
任务量,2
1%,2
5%,2
专车,2
话费,2
评优,2
高层,2
管理人员,2
下单,2
英语会话,2
往来,2
类人,2
包裹,2
croe,2
听从,2
逆向,2
solidworks3,2
切实可行,2
产业化,2
报警,2
延长,2
留用,2
顾村,2
宝安,2
内设,2
一日三餐,2
口齿清晰,2
语音,2
感染力,2
接线图,2
泵管,2
规格型号,2
有水,2
prototyping,2
method,2
protocols,2
manner.2,2
current,2
exist,2
products.3,2
Run,2
Process,2
Stage,2
Gate,2
stage,2
improving,2
associated,2
number,2
保修,2
索赔,2
1SO14001,2
OHSAS18000,2
委派,2
柴油机,2
驾驶执照,2
驾驶证者,2
堆高机,2
图册,2
实勘,2
模板,2
金类,2
自控力,2
有机,2
催办,2
立卷,2
友情,2
求职者,2
接到,2
人事部,2
33239050,2
judy,2
ding,2
655,2
水下,2
专研,2
龙华,2
中路,2
浦江镇,2
接受者,2
误投,2
配电柜,2
接入,2
大中型,2
数冲,2
Special,2
改变传统,2
优美,2
趋于,2
科学化,2
压缩,2
利润,2
医药,2
生化,2
塑模,2
进口,2
文凭,2
浓厚兴趣,2
获奖者,2
紧固件,2
管理工具,2
FMEA8,2
兴趣爱好,2
职务工资,2
上海浦东新区,2
鹿吉路,2
consultant,2
inspect,2
characterization,2
assemblies,2
repeatability,2
serviceability,2
方便性,2
Documentation,2
configuration,2
配置管理,2
track,2
Min,2
yr,2
Semiconductor,2
Photovoltage,2
Extensive,2
chamber,2
heating,2
cooling,2
frame,2
空腔,2
冷却系统,2
Proficiency,2
full,2
cycles,2
Comprehensive,2
passion,2
efficiency,2
组成,2
或线体,2
用料,2
essentially,2
CHINA,2
Director,2
benefit,2
sThe,2
commercial,2
offersHe,2
extracts,2
studied,2
Offices,2
PIERRE,2
GUERIN,2
storage,2
Possible,2
travels,2
foresee,2
mainly,2
offices,2
Training,2
provided,2
正等轴测,2
法国,2
亚太区,2
重心,2
办公室,2
ProfileThe,2
native,2
需为,2
跨文化,2
Software,2
2018A,2
background,2
thermodynamics,2
liquid,2
transfers,2
热力学,2
传输,2
biotech,2
pharma,2
food,2
食品行业,2
aptitude,2
autonomy,2
achievement,2
dedication,2
success,2
多维度,2
自主性,2
coupled,2
tight,2
deadlines,2
能于,2
An,2
unquestionable,2
ethics,2
references,2
道德规范,2
冷却管,2
工程塑料,2
引入,2
DESCRIPTION,2
RESPONSIBILITIES1,2
isometric,2
sketch,2
schematic,2
Single,2
Double,2
tank,2
vessel,2
outline,2
skid,2
civil,2
valve,2
survey,2
sells,2
BIM,2
Space,2
clarification,2
client,2
built,2
limited,2
ABILITIES1,2
Aware,2
treatment,2
converse,2
hop,2
corporation,2
PREFFERED1,2
单线,2
双线,2
Skid,2
勘查,2
审查会议,2
套图,2
分包,2
乐意,2
塑料管,2
某项,2
主见,2
能出,2
有力,2
Descriptions,2
Nationalization,2
parent,2
On,2
launching,2
Documents,2
Numerical,2
desing,2
Outstanding,2
Section,2
小样,2
监造,2
议价,2
LSP,2
淬火,2
感应,2
统一化,2
盐城,2
日子,2
Soilwork,2
资源整合,2
Introduction,2
purpose,2
Graduate,2
Trainee,2
Program,2
targeting,2
caliber,2
fresh,2
graduates,2
graduated,2
young,2
duration,2
months,2
selected,2
MTs,2
rotate,2
get,2
deep,2
insight,2
Afterwards,2
trainees,2
confirmed,2
appoint,2
them,2
her,2
为期,2
生将,2
Graduates,2
Mechanics,2
Automotive,2
中英文,2
pleasant,2
兼具,2
potentia,2
签订合同,2
回款,2
一方面,2
多方面,2
基本技能,2
材料科学,2
理化,2
力学性能,2
铸锻,2
仿真技术,2
科氏,2
AUTOCAD1,2
系统性,2
管架,2
榨油,2
精炼,2
面粉,2
精细化工,2
复合,2
评标,2
石油化工,2
基本建设,2
坚持原则,2
信息处理,2
仙霞路,2
137,2
盛高,2
2701,2
娄山关,2
徒步,2
营业部,2
料筒,2
小件,2
进出,2
日方,2
纳期,2
频率,2
7000,2
到手,2
15.8,2
手机卡,2
江路,2
951,2
加工出口,2
近达丰,2
大众交通,2
搭乘,2
BiW,2
Purpose,2
GEE,2
ups,2
steering,2
braking,2
driver,2
assistance,2
ensuring,2
optimum,2
times,2
commonality,2
where,2
possible,2
while,2
satisfying,2
Health,2
maintainability,2
usability,2
satisfactory,2
Act,2
liaison,2
centres,2
align,2
terms,2
yield,2
breakdowns,2
laboratory,2
calibration,2
Diagnostics,2
ad,2
hoc,2
highly,2
decisive,2
decision,2
making,2
desirable,2
Electronics,2
prior,2
ENV,2
Attributes,2
Motivated,2
dedicated,2
spontaneous,2
协商,2
吸管,2
机类,2
机械效率,2
可谈,2
纸盒,2
纸杯,2
吸烟,2
中晚,2
两餐,2
外有,2
交金,2
符合条件者,2
直招,2
商吉,2
通业路,2
153,2
行销,2
英译中,2
译文,2
对比,2
文本,2
Styleguide,2
本地化,2
格式,2
英语翻译,2
PORE,2
Soldworks,2
Caita,2
短途,2
餐贴,2
节假,2
周六日,2
点至,2
咨询电话,2
60495967,2
Email,2
zhangtt,2
石龙,2
345,2
B座,2
316,2
软件维护,2
售中,2
培训中心,2
维修厂,2
实训,2
水电工程,2
执照,2
喷漆,2
申南,2
一路,2
203,2
近银,2
需持,2
服从分配,2
电焊工,2
深入研究,2
catia5,2
巨大,2
supplierResponsibilities,2
510K,2
functionally,2
regulationQualifications,2
medical,2
Excellence,2
goal,2
orientated,2
speaks,2
voice,2
trust,2
Shanghai,2
point,2
Distinct,2
sharp,2
logic,2
excellent,2
smooth,2
collaboration,2
电踏车,2
尽快,2
文科,2
处理意见,2
风貌,2
财务部门,2
横向联系,2
下级,2
车工,2
板金,2
标的,2
三次,2
作成,2
违单,2
入取,2
潜质,2
具体内容,2
分工,2
朴素,2
转为,2
分辨,2
优劣,2
PMP,2
技术讲座,2
AI,2
任一,2
轧钢,2
SA,2
开拓精神,2
钢厂,2
加热炉,2
有整,2
敬畏,2
简述,2
假及,2
主页,2
ast,2
恒永路,2
328,2
联东,2
76,2
77,2
festo,2
如上,2
怡合达,2
misumi,2
如易,2
福门,2
巴鲁,2
西克,2
基恩,2
士等,2
6061,2
Q235,2
型钢,2
预定,2
预见,2
误用,2
估计,2
保护措施,2
消除,2
13849,2
12100,2
61508,2
安全设备,2
质量保证,2
搜索引擎,2
搜索,2
阿里,2
后台,2
心得,2
熟练地,2
质检员,2
专职,2
全资,2
3DMax,2
CorelDraw,2
EngineerDivision,2
ManagerPlace,2
概述,2
Audit,2
Trouble,2
Machine,2
erection,2
absolutely,2
Communicative,2
电子仪器,2
图有,2
Independent,2
rolling,2
mill,2
Frequently,2
phone,2
接收,2
用求,2
应商,2
Title,2
Dept,2
Reports,2
Controls,2
Function,2
Exercises,2
Translate,2
Prints,2
迈梭,2
Reviews,2
compliance,2
principles,2
contract,2
launch,2
ordering,2
submission,2
LM,2
organize,2
host,2
core,2
定购,2
resolutions,2
assessment,2
approval,2
Fill,2
forms,2
购单,2
发行,2
estimation,2
产品报价,2
估价,2
onsite,2
为现,2
ISO14001implementation,2
ISO14001,2
globally,2
university,2
three,2
combination,2
oriented,2
outstanding,2
drafting,2
clearly,2
program,2
电子系统,2
stampings,2
facts,2
draw,2
valid,2
conclusions,2
interpret,2
extensive,2
variety,2
mathematical,2
deal,2
several,2
abstract,2
concrete,2
variables,2
找出,2
得出,2
结论,2
图表,2
某些,2
抽象,2
Candidate,2
同一时间,2
analyzes,2
interprets,2
periodicals,2
journals,2
governmental,2
correspondence,2
procedure,2
manuals,2
respond,2
questions,2
public,2
信件,2
职工,2
操作程序,2
传递信息,2
实审,2
事务所,2
交验,2
给与,2
虽然,2
看重,2
本人,2
接纳,2
将来,2
经过,2
锤炼,2
相关者,2
检漏,2
轻工,2
III,2
IV,2
BD,2
Sale,2
资质,2
深层,2
土方工程,2
餐余,2
垃圾处理,2
固体,2
垃圾,2
解决办法,2
螺旋,2
矿山,2
交互,2
界面设计,2
智能化,2
矿产,2
勘探,2
地质,2
勘测,2
技术课,2
Role,2
ventilating,2
conditioning,2
ideal,2
architects,2
covered,2
met,2
Stamp,2
seal,2
permit,2
submittal,2
hydronic,2
Writing,2
Coordinating,2
consultants,2
house,2
Engaging,2
pre,2
load,2
sizing,2
Developing,2
administration,2
answering,2
RFIs,2
shop,2
submittals,2
Manages,2
overseeing,2
collection,2
assimilation,2
serving,2
Provides,2
Supports,2
Owner,2
assisting,2
identification,2
develops,2
approaches,2
accommodate,2
these,2
concerns,2
Sharing,2
Innovation,2
Serves,2
specialist,2
consultation,2
particular,2
fosters,2
provides,2
mentoring,2
Licensed,2
capable,2
licensing,2
states,2
majors,2
story,2
buildings,2
central,2
hospitals,2
similarly,2
workload,2
Firm,2
grasp,2
relates,2
essential,2
fast,2
paced,2
assess,2
Construction,2
Administration,2
observation,2
visits,2
Shop,2
hazard,2
operability,2
studies,2
间距,2
建筑师,2
技术顾问,2
承包商,2
负载,2
测图,2
工业用水,2
回答,2
同化,2
同一,2
其他人,2
设法,2
这些,2
共享,2
特定,2
复杂性,2
排水管道,2
多层建筑,2
医院,2
软件平台,2
牢固,2
至关重要,2
快节奏,2
可操作性,2
INEVENTOR,2
5T,2
重式,2
相关性,2
伺服系统,2
降温,2
白鹤,2
镇外,2
青松,2
2563,2
51870016,2
15000232960,2
刘小姐,2
集中,2
资源管理,2
设想,2
营销部,2
设计组,2
返修,2
班组长,2
操作间,2
环境卫生,2
352,2
等级,2
上岗证,2
1.22,2
17370037606,2
户口,2
信号,2
标定,2
设改,2
多种产品,2
Admas,2
学徒工,2
3000,2
铣工,2
岗位责任,2
推车,2
AutoCADVanderlande,2
logistic,2
airports,2
parcel,2
markets,2
warehouses,2
Due,2
tremendous,2
become,2
join,2
decides,2
transforms,2
subcontractors,2
Discuss,2
resale,2
subcontractorsRequirements,2
NAVIS,2
animation,2
complicated,2
close,2
compare,2
Data,2
Book,2
Zone,2
book,2
comparison,2
frequent,2
Dutch,2
whenever,2
Career,2
Development,2
After,2
gaining,2
sufficient,2
capabilities,2
been,2
proved,2
decided,2
Our,2
OfferWe,2
varied,2
motivating,2
Contact,2
If,2
appeals,2
apply,2
now,2
upload,2
CV,2
letter,2
vanderlande,2
作图,2
冲压件,2
测评,2
科学计算,2
主动精神,2
重点项目,2
商务洽谈,2
客情,2
信用,2
账款,2
工业电器,2
主营,2
收集整理,2
勤学,2
重工业,2
solidworks6,2
石油机械,2
Objective,2
MSS,2
Fabrication,2
stability,2
Following,2
updated,2
Requirement,2
experience.1,2
视作,2
提案,2
格力,2
日班,2
自行,2
上件,2
定位点,2
打开,2
螺钉,2
无法,2
拆卸,2
基准,2
工件,2
人工,2
干涉现象,2
一旦,2
交叉,2
焊接件,2
孔位,2
robcad,2
蜗轮,2
蜗杆传动,2
滚轴,2
联轴器,2
张紧,2
Robcad,2
首要,2
下一代,2
半导体器件,2
窗口,2
耗材,2
定性分析,2
独立自主,2
既有,2
FinFET,2
笔头,2
Slurry,2
Material1,2
按装,2
灌装机,2
堆垛,2
图稿,2
处理软件,2
拆垛,2
拆包,2
除尘,2
定量,2
卸料,2
核算成本,2
电流,2
大区,2
汉语,2
法语,2
阿拉伯语,2
前十,2
层级,2
直销,2
敏锐性,2
支撑,2
优先级,2
南非,2
尼日利亚,2
缅甸,2
越南,2
菲律宾,2
沙特,2
首席,2
运营官,2
COO,2
轮胎,2
人造板,2
熟用,2
突发,2
抢修,2
汽车玻璃,2
隔断,2
Feed,2
cap,2
单腔,2
离线,2
通用软件,2
SOLIDEDGE,2
传热学,2
现状,2
SOLIDSWORK,2
MODELING,2
思想,2
器人,2
扬州市,2
德屹,2
设变,2
做成,2
发表,2
变流器,2
系统验证,2
三轴,2
点胶,2
油脂,2
市面上,2
连杆机构,2
运动学,2
驱动器,2
关节,2
应当,2
成本低,2
高等,2
缩短,2
听取,2
顶升,2
消化,2
边界,2
释放,2
tech,2
And,2
deviation,2
confirm,2
签收,2
minimize,2
SPPC,2
Customer,2
市场需求,2
Study,2
benchmark,2
power,2
forging,2
mold,2
累计,2
热交换,2
analyses,2
Etc,2
main,2
popular,2
Quick,2
accomplish,2
园艺工具,2
锂电,2
质量标准,2
园林工具,2
东川路,2
马桥,2
8.30,2
17.00,2
制成,2
隶书,2
心脏,2
神经,2
变速箱,2
告诉,2
装饰,2
查看,2
工程量,2
追加,2
切实,2
顺利实现,2
水暖,2
核定,2
提高质量,2
其他软件,2
重视,2
疑虑,2
可选,2
效益,2
路标,2
职权范围,2
编撰,2
背光,2
笔记本,2
手表,2
品性,2
改制,2
6S,2
电箱,2
架设,2
修配,2
线图,2
电厂,2
浓厚,2
具及,2
行动计划,2
很强,2
思想活跃,2
Solidworks4,2
一分耕耘,2
一分收获,2
低息,2
借款,2
特有,2
探亲假,2
结婚,2
篮球,2
羽毛球,2
社团活动,2
晚会,2
合作项目,2
整体规划,2
经世,2
服务平台,2
教育资源,2
依托,2
盈利性,2
2.10,2
低压电器,2
石家庄,2
不畏,2
艰苦,2
由于,2
特招,2
校准,2
汇总表,2
异常情况,2
学生会,2
社团,2
社会,2
徐汇,2
AutoCADBe,2
AutoCAD2,2
hard,2
revise,2
综述,2
实时,2
医学,2
软件部,2
企划部,2
行政部,2
财务部,2
五金件,2
据此,2
试模,2
顺利完成,2
举升,2
转台,2
最小,2
广泛开展,2
课题,2
责成,2
活泼开朗,2
祝福,2
周年,2
传统节日,2
户外活动,2
特大,2
耐压,2
壳体,2
载人,2
潜水器,2
隶属于,2
深海,2
新城镇,2
海基,2
六路,2
218,2
金属结构,2
潜器,2
筛分,2
制单,2
辅料,2
样卡,2
更正,2
客样,2
详尽,2
事先,2
多地,2
劣势,2
知根知底,2
估量,2
工作力度,2
前期工作,2
乃至,2
杜绝,2
防范,2
总结经验,2
以后,2
细则,2
根本,2
之道,2
跟单员,2
操作员,2
密切,2
出于,2
着想,2
对方,2
降到,2
限度,2
红宝石,2
钢铁业,2
设计院,2
研究院,2
小型汽车,2
管理文件,2
Measure,2
modify,2
Using,2
Analysis,2
Singer,2
Brazil,2
VSM,2
vendors,2
Manufacture,2
worked,2
engine,2
speak,2
全程,2
三种,2
制作者,2
抛光,2
独到,2
江田,2
212,2
规划图,2
全套设备,2
后出,2
易损件,2
曾经,2
变速器,2
试验台,2
结构力学,2
行星,2
RV,2
审图,2
改图,2
气管,2
排法,2
辅助设计,2
利用软件,2
喷墨,2
80%,2
20%,2
巡视,2
1W,2
涨薪,2
两次,2
三维空间,2
书及,2
质量事故,2
数控技术,2
POR,2
宏昌,2
利物,2
直属,2
车门,2
铰链,2
上海大众,2
一汽大众,2
奇瑞,2
通用五菱,2
制造商,2
GM,2
VW,2
BMW,2
头桥,2
4313,2
下班,2
定点,2
张江,2
高科站,2
晚上,2
封尾机,2
灯具,2
选材,2
需多,2
规卷,2
生物化学,2
类新,2
更新换代,2
三到,2
计算机软件,2
采办,2
关键技术,2
养老,2
失业,2
工伤,2
核价,2
非金属,2
铸造件,2
